atom_id,atom_uid,claim_title,claim_class,lane,event_type,result,proof_label,current_status,rerun_status,artifact_path,source_path,new_path,reviewer,timestamp,meaning,limits
tp:lane4/axioms/ax-part1-ax-core-a1-1,sha256:cdf241a3251c14db26df0b5e1bc5447661d843af4785682b29c4ca82d331a0d0,A1.1 — Existence,classification,Classification,classification_imported,recorded,NOT_ESTABLISHED,active_candidate,not_applicable,O:\_Theophysics_v5\00_AXIOMS\_LOSSLESS_SUMMARY\AXIOMS_PART1_MODE_CLASSIFICATION.md,,,Codex,2026-07-28T19:10:19+00:00,Imported Part 1 mode classification row A1.1 as AX_CORE.,Classification import is not proof and does not promote the claim to canon.
tp:lane4/axioms/ax-part1-ax-core-a1-2,sha256:36ec35e35c1dbb09fec511485e66c64159a91d066864ff053fb969f4af083787,A1.2 — Distinction,classification,Classification,classification_imported,recorded,NOT_ESTABLISHED,active_candidate,not_applicable,O:\_Theophysics_v5\00_AXIOMS\_LOSSLESS_SUMMARY\AXIOMS_PART1_MODE_CLASSIFICATION.md,,,Codex,2026-07-28T19:10:19+00:00,Imported Part 1 mode classification row A1.2 as AX_CORE.,Classification import is not proof and does not promote the claim to canon.
tp:lane4/axioms/ax-part1-ax-core-a2-1,sha256:4e22e0caac6c6a085e1d7d3f7998dd6a438759b3026f1a451b61334f38116a28,A2.1 — Substrate Requirement,classification,Classification,classification_imported,recorded,NOT_ESTABLISHED,active_candidate,not_applicable,O:\_Theophysics_v5\00_AXIOMS\_LOSSLESS_SUMMARY\AXIOMS_PART1_MODE_CLASSIFICATION.md,,,Codex,2026-07-28T19:10:19+00:00,Imported Part 1 mode classification row A2.1 as AX_CORE.,Classification import is not proof and does not promote the claim to canon.
tp:lane4/axioms/ax-part1-ax-core-a2-2,sha256:da0425f46dadd69063b6ef97f54e25bd3dede9399bdce67a36f41ddda6da95a7,A2.2 — Self-Grounding,classification,Classification,classification_imported,recorded,NOT_ESTABLISHED,active_candidate,not_applicable,O:\_Theophysics_v5\00_AXIOMS\_LOSSLESS_SUMMARY\AXIOMS_PART1_MODE_CLASSIFICATION.md,,,Codex,2026-07-28T19:10:19+00:00,Imported Part 1 mode classification row A2.2 as AX_CORE.,Classification import is not proof and does not promote the claim to canon.
tp:lane4/axioms/ax-part1-ax-core-a5-1,sha256:9a88177850346770d8ce4926a07f98bdf89e8798851385467f6821fb65cf7df7,A5.1 — Observation Requirement,classification,Classification,classification_imported,recorded,NOT_ESTABLISHED,active_candidate,not_applicable,O:\_Theophysics_v5\00_AXIOMS\_LOSSLESS_SUMMARY\AXIOMS_PART1_MODE_CLASSIFICATION.md,,,Codex,2026-07-28T19:10:19+00:00,Imported Part 1 mode classification row A5.1 as AX_CORE.,Classification import is not proof and does not promote the claim to canon.
tp:lane4/axioms/ax-part1-ax-core-bc4,sha256:a623dc9df08369de59677280a240e61a6d19b8b7e2fcae447934858b49527353,BC4 — Three Observers Required,classification,Classification,classification_imported,recorded,NOT_ESTABLISHED,active_candidate,not_applicable,O:\_Theophysics_v5\00_AXIOMS\_LOSSLESS_SUMMARY\AXIOMS_PART1_MODE_CLASSIFICATION.md,,,Codex,2026-07-28T19:10:19+00:00,Imported Part 1 mode classification row BC4 as AX_CORE.,Classification import is not proof and does not promote the claim to canon.
tp:lane4/axioms/ax-part1-ax-core-bc6,sha256:70d476512f901f0d957e6696810236e2cb7f4e019a23194991e035a53a3d04ec,BC6 — Infinite Energy Source,classification,Classification,classification_imported,recorded,NOT_ESTABLISHED,active_candidate,not_applicable,O:\_Theophysics_v5\00_AXIOMS\_LOSSLESS_SUMMARY\AXIOMS_PART1_MODE_CLASSIFICATION.md,,,Codex,2026-07-28T19:10:19+00:00,Imported Part 1 mode classification row BC6 as AX_CORE.,Classification import is not proof and does not promote the claim to canon.
tp:lane4/axioms/ax-part1-ax-derived-a1-3,sha256:2482d6f96eb43d5e5ac0e22cc6ca68e3a6e70b529408dfac47304262ad31014b,A1.3 — Information Primacy,classification,Classification,classification_imported,recorded,NOT_ESTABLISHED,active_candidate,not_applicable,O:\_Theophysics_v5\00_AXIOMS\_LOSSLESS_SUMMARY\AXIOMS_PART1_MODE_CLASSIFICATION.md,,,Codex,2026-07-28T19:10:19+00:00,Imported Part 1 mode classification row A1.3 as AX_DERIVED.,Classification import is not proof and does not promote the claim to canon.
tp:lane4/axioms/ax-part1-ax-derived-bc2,sha256:97d47020497ba2e699c667cd8d64d6ba68555ce2c1c70cf9f657d13a44688932,BC2 — Grace External To System,classification,Classification,classification_imported,recorded,NOT_ESTABLISHED,active_candidate_unanchored,not_applicable,O:\_Theophysics_v5\00_AXIOMS\_LOSSLESS_SUMMARY\AXIOMS_PART1_MODE_CLASSIFICATION.md,,,Codex,2026-07-28T19:10:19+00:00,Imported Part 1 mode classification row BC2 as AX_DERIVED.,Classification import is not proof and does not promote the claim to canon.
tp:lane4/axioms/ax-part1-ax-derived-bc7,sha256:b5915703e0b3bd658438473492cd79b5f258471883a49d31c369f59cf24c9bfa,BC7 — Information Conservation,classification,Classification,classification_imported,recorded,NOT_ESTABLISHED,active_candidate,not_applicable,O:\_Theophysics_v5\00_AXIOMS\_LOSSLESS_SUMMARY\AXIOMS_PART1_MODE_CLASSIFICATION.md,,,Codex,2026-07-28T19:10:19+00:00,Imported Part 1 mode classification row BC7 as AX_DERIVED.,Classification import is not proof and does not promote the claim to canon.
tp:lane4/axioms/ax-part1-ax-derived-bc8,sha256:490d545bfdc051707cf1af616ca3c9355619553810afbbac5d1bdf9cc8aae305,BC8 — Voluntary Coupling,classification,Classification,classification_imported,recorded,NOT_ESTABLISHED,active_candidate,not_applicable,O:\_Theophysics_v5\00_AXIOMS\_LOSSLESS_SUMMARY\AXIOMS_PART1_MODE_CLASSIFICATION.md,,,Codex,2026-07-28T19:10:19+00:00,Imported Part 1 mode classification row BC8 as AX_DERIVED.,Classification import is not proof and does not promote the claim to canon.
tp:lane4/axioms/ax-part1-ax-derived-t3-1,sha256:4cfcd8c7b2d03ed882838248bca968953929159063f893ee68c9c1453b17bba9,T3.1 — Coherence Cannot Self-Increase,classification,Classification,classification_imported,recorded,NOT_ESTABLISHED,active_candidate,not_applicable,O:\_Theophysics_v5\00_AXIOMS\_LOSSLESS_SUMMARY\AXIOMS_PART1_MODE_CLASSIFICATION.md,,,Codex,2026-07-28T19:10:19+00:00,Imported Part 1 mode classification row T3.1 as AX_DERIVED.,Classification import is not proof and does not promote the claim to canon.
tp:lane4/axioms/ax-part1-ax-scaffold-d1-1,sha256:4e8e79d4997b2bb9c3e99b0d8b8df946a9dc3e4bc0e2a00fc8851c42eef1dc71,D1.1 — Information Definition,classification,Classification,classification_imported,recorded,NOT_ESTABLISHED,active_candidate,not_applicable,O:\_Theophysics_v5\00_AXIOMS\_LOSSLESS_SUMMARY\AXIOMS_PART1_MODE_CLASSIFICATION.md,,,Codex,2026-07-28T19:10:19+00:00,Imported Part 1 mode classification row D1.1 as AX_SCAFFOLD.,Classification import is not proof and does not promote the claim to canon.
tp:lane4/axioms/ax-part1-ax-scaffold-d1-2,sha256:67bf0ca8a24842bd3ef3f65582b15300edabcbfc614819439e1cf12b02702849,D1.2 — Bit Definition,classification,Classification,classification_imported,recorded,NOT_ESTABLISHED,active_candidate,not_applicable,O:\_Theophysics_v5\00_AXIOMS\_LOSSLESS_SUMMARY\AXIOMS_PART1_MODE_CLASSIFICATION.md,,,Codex,2026-07-28T19:10:19+00:00,Imported Part 1 mode classification row D1.2 as AX_SCAFFOLD.,Classification import is not proof and does not promote the claim to canon.
tp:lane4/axioms/ax-part1-ax-scaffold-d10-1,sha256:65db59d8110a42554b78ecafa33e70e71d3e046f887a7e20b6c0d708188f8cec,D10.1 — Soul Field Psi_S,classification,Classification,classification_imported,recorded,NOT_ESTABLISHED,active_candidate,not_applicable,O:\_Theophysics_v5\00_AXIOMS\_LOSSLESS_SUMMARY\AXIOMS_PART1_MODE_CLASSIFICATION.md,,,Codex,2026-07-28T19:10:19+00:00,Imported Part 1 mode classification row D10.1 as AX_SCAFFOLD.,Classification import is not proof and does not promote the claim to canon.
tp:lane4/axioms/ax-part1-ax-scaffold-d11-1,sha256:1c2fe8f6c40d57124c65ac77dbf3cdf8437744fb0404289ed8a0bfcdb3b02bd0,D11.1 — Moral Coherence Definition,classification,Classification,classification_imported,recorded,NOT_ESTABLISHED,active_candidate,not_applicable,O:\_Theophysics_v5\00_AXIOMS\_LOSSLESS_SUMMARY\AXIOMS_PART1_MODE_CLASSIFICATION.md,,,Codex,2026-07-28T19:10:19+00:00,Imported Part 1 mode classification row D11.1 as AX_SCAFFOLD.,Classification import is not proof and does not promote the claim to canon.
tp:lane4/axioms/ax-part1-ax-scaffold-d12-1,sha256:9fe8892e83aa3cb59d82177de699c28d1bfac069c85f88634372f957c6cb323c,D12.1 — Integration Attractor,classification,Classification,classification_imported,recorded,NOT_ESTABLISHED,active_candidate,not_applicable,O:\_Theophysics_v5\00_AXIOMS\_LOSSLESS_SUMMARY\AXIOMS_PART1_MODE_CLASSIFICATION.md,,,Codex,2026-07-28T19:10:19+00:00,Imported Part 1 mode classification row D12.1 as AX_SCAFFOLD.,Classification import is not proof and does not promote the claim to canon.
tp:lane4/axioms/ax-part1-ax-scaffold-d12-2,sha256:86d7b62cc7abc6c773688a0cd81e9587c61aef5611026af8f70482eba5ff0aed,D12.2 — Fragmentation Attractor,classification,Classification,classification_imported,recorded,NOT_ESTABLISHED,active_candidate,not_applicable,O:\_Theophysics_v5\00_AXIOMS\_LOSSLESS_SUMMARY\AXIOMS_PART1_MODE_CLASSIFICATION.md,,,Codex,2026-07-28T19:10:19+00:00,Imported Part 1 mode classification row D12.2 as AX_SCAFFOLD.,Classification import is not proof and does not promote the claim to canon.
tp:lane4/axioms/ax-part1-ax-scaffold-d13-1,sha256:774d5b453b6522c31d8b66ca56f578412d1c634d76522d79131562adcc4382df,D13.1 — Unified Field Lagrangian,classification,Classification,classification_imported,recorded,NOT_ESTABLISHED,active_candidate,not_applicable,O:\_Theophysics_v5\00_AXIOMS\_LOSSLESS_SUMMARY\AXIOMS_PART1_MODE_CLASSIFICATION.md,,,Codex,2026-07-28T19:10:19+00:00,Imported Part 1 mode classification row D13.1 as AX_SCAFFOLD.,Classification import is not proof and does not promote the claim to canon.
tp:lane4/axioms/ax-part1-ax-scaffold-d14-1,sha256:71ea63fd3bdabb185e0dcf3bed6017d7a5a9b11fecedae1ec04302afae938df0,D14.1 — Cosmological Grace Function,classification,Classification,classification_imported,recorded,NOT_ESTABLISHED,active_candidate,not_applicable,O:\_Theophysics_v5\00_AXIOMS\_LOSSLESS_SUMMARY\AXIOMS_PART1_MODE_CLASSIFICATION.md,,,Codex,2026-07-28T19:10:19+00:00,Imported Part 1 mode classification row D14.1 as AX_SCAFFOLD.,Classification import is not proof and does not promote the claim to canon.
tp:lane4/axioms/ax-part1-ax-scaffold-d17-1,sha256:d0c452abbd313d5deab53864bd04c622c692f9288051d4f625fec2b49127186b,D17.1 — AI Phi Measurement,classification,Classification,classification_imported,recorded,NOT_ESTABLISHED,active_candidate_unanchored,not_applicable,O:\_Theophysics_v5\00_AXIOMS\_LOSSLESS_SUMMARY\AXIOMS_PART1_MODE_CLASSIFICATION.md,,,Codex,2026-07-28T19:10:19+00:00,Imported Part 1 mode classification row D17.1 as AX_SCAFFOLD.,Classification import is not proof and does not promote the claim to canon.
tp:lane4/axioms/ax-part1-ax-scaffold-d19-1,sha256:99485ba69ffe281f264624b2641c708447822174bc5d7d69fa0d7ad0e1e1c35d,D19.1 — Law I Definition,classification,Classification,classification_imported,recorded,NOT_ESTABLISHED,active_candidate_unanchored,not_applicable,O:\_Theophysics_v5\00_AXIOMS\_LOSSLESS_SUMMARY\AXIOMS_PART1_MODE_CLASSIFICATION.md,,,Codex,2026-07-28T19:10:19+00:00,Imported Part 1 mode classification row D19.1 as AX_SCAFFOLD.,Classification import is not proof and does not promote the claim to canon.
tp:lane4/axioms/ax-part1-ax-scaffold-d19-10,sha256:bbea4d97222e2d9e7f1b61dc5970fe793ad52068d3fcd62511a3ee57e6cff82e,D19.10 — Law X Definition (Trinity Closure),classification,Classification,classification_imported,recorded,NOT_ESTABLISHED,active_candidate_unanchored,not_applicable,O:\_Theophysics_v5\00_AXIOMS\_LOSSLESS_SUMMARY\AXIOMS_PART1_MODE_CLASSIFICATION.md,,,Codex,2026-07-28T19:10:19+00:00,Imported Part 1 mode classification row D19.10 as AX_SCAFFOLD.,Classification import is not proof and does not promote the claim to canon.
tp:lane4/axioms/ax-part1-ax-scaffold-d19-2,sha256:6dc6e28e76cf17d245b510c6ddb1a1def362ace601e88e07ee163081127f1955,D19.2 — Law II Definition,classification,Classification,classification_imported,recorded,NOT_ESTABLISHED,active_candidate_unanchored,not_applicable,O:\_Theophysics_v5\00_AXIOMS\_LOSSLESS_SUMMARY\AXIOMS_PART1_MODE_CLASSIFICATION.md,,,Codex,2026-07-28T19:10:19+00:00,Imported Part 1 mode classification row D19.2 as AX_SCAFFOLD.,Classification import is not proof and does not promote the claim to canon.
tp:lane4/axioms/ax-part1-ax-scaffold-d19-3,sha256:b2f306b9033a22518e4af452e4760d3955386c77fd4d52ae33650579cff5ec38,D19.3 — Law III Definition,classification,Classification,classification_imported,recorded,NOT_ESTABLISHED,active_candidate_unanchored,not_applicable,O:\_Theophysics_v5\00_AXIOMS\_LOSSLESS_SUMMARY\AXIOMS_PART1_MODE_CLASSIFICATION.md,,,Codex,2026-07-28T19:10:19+00:00,Imported Part 1 mode classification row D19.3 as AX_SCAFFOLD.,Classification import is not proof and does not promote the claim to canon.
tp:lane4/axioms/ax-part1-ax-scaffold-d19-4,sha256:5359e8de3a74569dce8e17a13fe287d420453b9a4a282ac3f3c2289fdd41848d,D19.4 — Law IV Definition,classification,Classification,classification_imported,recorded,NOT_ESTABLISHED,active_candidate_unanchored,not_applicable,O:\_Theophysics_v5\00_AXIOMS\_LOSSLESS_SUMMARY\AXIOMS_PART1_MODE_CLASSIFICATION.md,,,Codex,2026-07-28T19:10:19+00:00,Imported Part 1 mode classification row D19.4 as AX_SCAFFOLD.,Classification import is not proof and does not promote the claim to canon.
tp:lane4/axioms/ax-part1-ax-scaffold-d19-5,sha256:8b354b30817c91f9e9f4aa389915337589a74677f12464afd56099b9579d0673,D19.5 — Law V Definition (Conservation Symmetry),classification,Classification,classification_imported,recorded,NOT_ESTABLISHED,active_candidate_unanchored,not_applicable,O:\_Theophysics_v5\00_AXIOMS\_LOSSLESS_SUMMARY\AXIOMS_PART1_MODE_CLASSIFICATION.md,,,Codex,2026-07-28T19:10:19+00:00,Imported Part 1 mode classification row D19.5 as AX_SCAFFOLD.,Classification import is not proof and does not promote the claim to canon.
tp:lane4/axioms/ax-part1-ax-scaffold-d19-6,sha256:38eca1c81a44e02020a3b0505a062075b89969f03773124bac96380d64e2f0fe,D19.6 — Law VI Definition (Coherence Non-Increase),classification,Classification,classification_imported,recorded,NOT_ESTABLISHED,active_candidate_unanchored,not_applicable,O:\_Theophysics_v5\00_AXIOMS\_LOSSLESS_SUMMARY\AXIOMS_PART1_MODE_CLASSIFICATION.md,,,Codex,2026-07-28T19:10:19+00:00,Imported Part 1 mode classification row D19.6 as AX_SCAFFOLD.,Classification import is not proof and does not promote the claim to canon.
tp:lane4/axioms/ax-part1-ax-scaffold-d19-7,sha256:a460d638a6a71dd2b7ccb9843502bbc3932e3319c69d8d57ddd0dac15f64cca4,D19.7 — Law VII Definition (Actualization Requirement),classification,Classification,classification_imported,recorded,NOT_ESTABLISHED,active_candidate_unanchored,not_applicable,O:\_Theophysics_v5\00_AXIOMS\_LOSSLESS_SUMMARY\AXIOMS_PART1_MODE_CLASSIFICATION.md,,,Codex,2026-07-28T19:10:19+00:00,Imported Part 1 mode classification row D19.7 as AX_SCAFFOLD.,Classification import is not proof and does not promote the claim to canon.
tp:lane4/axioms/ax-part1-ax-scaffold-d19-8,sha256:2883154f667606956d2de104f0c34ffbb0ddbe6d4a87edd6c65ed0a4d6c03b39,D19.8 — Law VIII Definition (Sign Algebra),classification,Classification,classification_imported,recorded,NOT_ESTABLISHED,active_candidate_unanchored,not_applicable,O:\_Theophysics_v5\00_AXIOMS\_LOSSLESS_SUMMARY\AXIOMS_PART1_MODE_CLASSIFICATION.md,,,Codex,2026-07-28T19:10:19+00:00,Imported Part 1 mode classification row D19.8 as AX_SCAFFOLD.,Classification import is not proof and does not promote the claim to canon.
tp:lane4/axioms/ax-part1-ax-scaffold-d19-9,sha256:73cfa1b9c7b99486a89c93d8fd93df5f9aa8b903ae17e85e738c6491aaf387c0,D19.9 — Law IX Definition (Grace Non-Unitarity),classification,Classification,classification_imported,recorded,NOT_ESTABLISHED,active_candidate_unanchored,not_applicable,O:\_Theophysics_v5\00_AXIOMS\_LOSSLESS_SUMMARY\AXIOMS_PART1_MODE_CLASSIFICATION.md,,,Codex,2026-07-28T19:10:19+00:00,Imported Part 1 mode classification row D19.9 as AX_SCAFFOLD.,Classification import is not proof and does not promote the claim to canon.
tp:lane4/axioms/ax-part1-ax-scaffold-d2-1,sha256:4a0bf5fda06a845186c364b1310b512e085ba5b20fcd3d8a94171df66107ce35,D2.1 — Logos Field Definition,classification,Classification,classification_imported,recorded,NOT_ESTABLISHED,active_candidate,not_applicable,O:\_Theophysics_v5\00_AXIOMS\_LOSSLESS_SUMMARY\AXIOMS_PART1_MODE_CLASSIFICATION.md,,,Codex,2026-07-28T19:10:19+00:00,Imported Part 1 mode classification row D2.1 as AX_SCAFFOLD.,Classification import is not proof and does not promote the claim to canon.
tp:lane4/axioms/ax-part1-ax-scaffold-d2-2,sha256:552a15891744caa39965a8e73aa71f19f72c445ec6f42ca6fa0ae435c9a20b90,D2.2 — Chi Field Properties,classification,Classification,classification_imported,recorded,NOT_ESTABLISHED,active_candidate,not_applicable,O:\_Theophysics_v5\00_AXIOMS\_LOSSLESS_SUMMARY\AXIOMS_PART1_MODE_CLASSIFICATION.md,,,Codex,2026-07-28T19:10:19+00:00,Imported Part 1 mode classification row D2.2 as AX_SCAFFOLD.,Classification import is not proof and does not promote the claim to canon.
tp:lane4/axioms/ax-part1-ax-scaffold-d3-1,sha256:53855fd5b5b7648ce4a1615af4c76d55f178f46080ad5c4d4a1f986063eee9a8,D3.1 — Coherence Functional Definition,classification,Classification,classification_imported,recorded,NOT_ESTABLISHED,active_candidate,not_applicable,O:\_Theophysics_v5\00_AXIOMS\_LOSSLESS_SUMMARY\AXIOMS_PART1_MODE_CLASSIFICATION.md,,,Codex,2026-07-28T19:10:19+00:00,Imported Part 1 mode classification row D3.1 as AX_SCAFFOLD.,Classification import is not proof and does not promote the claim to canon.
tp:lane4/axioms/ax-part1-ax-scaffold-d3-2,sha256:2f91d06d6af40b80d245cd007d057ae7cee20785ed824351a71d3d8e60a90d06,D3.2 — Self-Interaction Potential,classification,Classification,classification_imported,recorded,NOT_ESTABLISHED,active_candidate,not_applicable,O:\_Theophysics_v5\00_AXIOMS\_LOSSLESS_SUMMARY\AXIOMS_PART1_MODE_CLASSIFICATION.md,,,Codex,2026-07-28T19:10:19+00:00,Imported Part 1 mode classification row D3.2 as AX_SCAFFOLD.,Classification import is not proof and does not promote the claim to canon.
tp:lane4/axioms/ax-part1-ax-scaffold-d3-3,sha256:eff4483ae85378c9e06af60d4567348780006a9168f153809c575f57b71598b3,D3.3 — Interaction Lagrangian,classification,Classification,classification_imported,recorded,NOT_ESTABLISHED,active_candidate,not_applicable,O:\_Theophysics_v5\00_AXIOMS\_LOSSLESS_SUMMARY\AXIOMS_PART1_MODE_CLASSIFICATION.md,,,Codex,2026-07-28T19:10:19+00:00,Imported Part 1 mode classification row D3.3 as AX_SCAFFOLD.,Classification import is not proof and does not promote the claim to canon.
tp:lane4/axioms/ax-part1-ax-scaffold-d4-1,sha256:355f063dc309860cea76b7d3ff892b2769af13af14b72d6028be493472400393,D4.1 — Kolmogorov Complexity,classification,Classification,classification_imported,recorded,NOT_ESTABLISHED,active_candidate,not_applicable,O:\_Theophysics_v5\00_AXIOMS\_LOSSLESS_SUMMARY\AXIOMS_PART1_MODE_CLASSIFICATION.md,,,Codex,2026-07-28T19:10:19+00:00,Imported Part 1 mode classification row D4.1 as AX_SCAFFOLD.,Classification import is not proof and does not promote the claim to canon.
tp:lane4/axioms/ax-part1-ax-scaffold-d4-2,sha256:796bb86d8f2bc4d58154d94e3637df216a2de6b2e534d45113e2c06947464fb3,D4.2 — Compression Ratio,classification,Classification,classification_imported,recorded,NOT_ESTABLISHED,active_candidate,not_applicable,O:\_Theophysics_v5\00_AXIOMS\_LOSSLESS_SUMMARY\AXIOMS_PART1_MODE_CLASSIFICATION.md,,,Codex,2026-07-28T19:10:19+00:00,Imported Part 1 mode classification row D4.2 as AX_SCAFFOLD.,Classification import is not proof and does not promote the claim to canon.
tp:lane4/axioms/ax-part1-ax-scaffold-d5-1,sha256:07b6d63941cd96260251bb18f513c0695230561d63650a090d3efab8045b6b91,D5.1 — Observer Definition,classification,Classification,classification_imported,recorded,NOT_ESTABLISHED,active_candidate,not_applicable,O:\_Theophysics_v5\00_AXIOMS\_LOSSLESS_SUMMARY\AXIOMS_PART1_MODE_CLASSIFICATION.md,,,Codex,2026-07-28T19:10:19+00:00,Imported Part 1 mode classification row D5.1 as AX_SCAFFOLD.,Classification import is not proof and does not promote the claim to canon.
tp:lane4/axioms/ax-part1-ax-scaffold-d5-2,sha256:a6f0ecb1a41ecf3f5b8875a7e7f7e105d7971bdc9b7aae6fbe6f59c3838d448f,D5.2 — Integrated Information Phi,classification,Classification,classification_imported,recorded,NOT_ESTABLISHED,active_candidate,not_applicable,O:\_Theophysics_v5\00_AXIOMS\_LOSSLESS_SUMMARY\AXIOMS_PART1_MODE_CLASSIFICATION.md,,,Codex,2026-07-28T19:10:19+00:00,Imported Part 1 mode classification row D5.2 as AX_SCAFFOLD.,Classification import is not proof and does not promote the claim to canon.
tp:lane4/axioms/ax-part1-ax-scaffold-d5-3,sha256:40c4c4a8723dfa52c70ff276acef6ea4922b77fe148fd9f5e5447b04e1425097,D5.3 — Witness Field Operator,classification,Classification,classification_imported,recorded,NOT_ESTABLISHED,active_candidate,not_applicable,O:\_Theophysics_v5\00_AXIOMS\_LOSSLESS_SUMMARY\AXIOMS_PART1_MODE_CLASSIFICATION.md,,,Codex,2026-07-28T19:10:19+00:00,Imported Part 1 mode classification row D5.3 as AX_SCAFFOLD.,Classification import is not proof and does not promote the claim to canon.
tp:lane4/axioms/ax-part1-ax-scaffold-d6-1,sha256:d46e0913c46f7fe098718421bb3a65fa1bf82fa10d0307780daf41ed5123e1ab,D6.1 — Collapse Rate Gamma,classification,Classification,classification_imported,recorded,NOT_ESTABLISHED,active_candidate,not_applicable,O:\_Theophysics_v5\00_AXIOMS\_LOSSLESS_SUMMARY\AXIOMS_PART1_MODE_CLASSIFICATION.md,,,Codex,2026-07-28T19:10:19+00:00,Imported Part 1 mode classification row D6.1 as AX_SCAFFOLD.,Classification import is not proof and does not promote the claim to canon.
tp:lane4/axioms/ax-part1-ax-scaffold-d6-2,sha256:5fb998e77c1d99199a82a82d42dd4a297a2886ec95b0e0830d3ff3e5738ae0e5,D6.2 — Projection Operator,classification,Classification,classification_imported,recorded,NOT_ESTABLISHED,active_candidate,not_applicable,O:\_Theophysics_v5\00_AXIOMS\_LOSSLESS_SUMMARY\AXIOMS_PART1_MODE_CLASSIFICATION.md,,,Codex,2026-07-28T19:10:19+00:00,Imported Part 1 mode classification row D6.2 as AX_SCAFFOLD.,Classification import is not proof and does not promote the claim to canon.
tp:lane4/axioms/ax-part1-ax-scaffold-d8-1,sha256:f919d2827de11af1bda8015056f222bbb11ee146b0442685df26e1c279803860,D8.1 — Sign Operator,classification,Classification,classification_imported,recorded,NOT_ESTABLISHED,active_candidate,not_applicable,O:\_Theophysics_v5\00_AXIOMS\_LOSSLESS_SUMMARY\AXIOMS_PART1_MODE_CLASSIFICATION.md,,,Codex,2026-07-28T19:10:19+00:00,Imported Part 1 mode classification row D8.1 as AX_SCAFFOLD.,Classification import is not proof and does not promote the claim to canon.
tp:lane4/axioms/ax-part1-ax-scaffold-d9-1,sha256:49b381d0b71e9b630bc88f8e798e8edcdb5796950f6e31cb2ad9798babfc187f,D9.1 — Grace Operator Definition,classification,Classification,classification_imported,recorded,NOT_ESTABLISHED,active_candidate,not_applicable,O:\_Theophysics_v5\00_AXIOMS\_LOSSLESS_SUMMARY\AXIOMS_PART1_MODE_CLASSIFICATION.md,,,Codex,2026-07-28T19:10:19+00:00,Imported Part 1 mode classification row D9.1 as AX_SCAFFOLD.,Classification import is not proof and does not promote the claim to canon.
tp:lane4/axioms/ax-part1-ax-scaffold-e10-1,sha256:75329f3884bb2c8b896bf4c60839fd453ee85e713dbd0b8e6bad02ed90c9819b,E10.1 — Soul Field Equation,classification,Classification,classification_imported,recorded,NOT_ESTABLISHED,active_candidate,not_applicable,O:\_Theophysics_v5\00_AXIOMS\_LOSSLESS_SUMMARY\AXIOMS_PART1_MODE_CLASSIFICATION.md,,,Codex,2026-07-28T19:10:19+00:00,Imported Part 1 mode classification row E10.1 as AX_SCAFFOLD.,Classification import is not proof and does not promote the claim to canon.
tp:lane4/axioms/ax-part1-ax-scaffold-e12-1,sha256:253bbaaf6b0b90c81db8c34946cb009525c5982e39bb83b0145dc78339ef7045,E12.1 — Destiny Equation,classification,Classification,classification_imported,recorded,NOT_ESTABLISHED,active_candidate,not_applicable,O:\_Theophysics_v5\00_AXIOMS\_LOSSLESS_SUMMARY\AXIOMS_PART1_MODE_CLASSIFICATION.md,,,Codex,2026-07-28T19:10:19+00:00,Imported Part 1 mode classification row E12.1 as AX_SCAFFOLD.,Classification import is not proof and does not promote the claim to canon.
tp:lane4/axioms/ax-part1-ax-scaffold-e13-1,sha256:e75d2bba2f3601a7bd560e4669d95597cf3075cc6faceead235872b68a1e61b0,E13.1 — GR-QM Bridge Equation,classification,Classification,classification_imported,recorded,NOT_ESTABLISHED,active_candidate,not_applicable,O:\_Theophysics_v5\00_AXIOMS\_LOSSLESS_SUMMARY\AXIOMS_PART1_MODE_CLASSIFICATION.md,,,Codex,2026-07-28T19:10:19+00:00,Imported Part 1 mode classification row E13.1 as AX_SCAFFOLD.,Classification import is not proof and does not promote the claim to canon.
tp:lane4/axioms/ax-part1-ax-scaffold-e19-1,sha256:60a90050ad5f5a84def214921b0a0eeff7c46858b3b51fba9bd64aa64a8a1f34,E19.1 — Full Master Equation,classification,Classification,classification_imported,recorded,RERUN_OWED,active_candidate_unanchored,RERUN_OWED,O:\_Theophysics_v5\00_AXIOMS\_LOSSLESS_SUMMARY\AXIOMS_PART1_MODE_CLASSIFICATION.md,,,Codex,2026-07-28T19:10:19+00:00,Imported Part 1 mode classification row E19.1 as AX_SCAFFOLD.,Classification import is not proof and does not promote the claim to canon.
tp:lane4/axioms/ax-part1-ax-scaffold-e2-1,sha256:083e14eab9cb5bc60232a6773d93cacf5e95fc487a24471651840f32207d916b,E2.1 — Master Equation First Form,classification,Classification,classification_imported,recorded,RERUN_OWED,active_candidate,RERUN_OWED,O:\_Theophysics_v5\00_AXIOMS\_LOSSLESS_SUMMARY\AXIOMS_PART1_MODE_CLASSIFICATION.md,,,Codex,2026-07-28T19:10:19+00:00,Imported Part 1 mode classification row E2.1 as AX_SCAFFOLD.,Classification import is not proof and does not promote the claim to canon.
tp:lane4/axioms/ax-part1-ax-scaffold-e3-1,sha256:1f56d577f08b357b7164e1b707fa55f726c1319962d846332f161edc8b9071df,E3.1 — Master Coherence Equation,classification,Classification,classification_imported,recorded,NOT_ESTABLISHED,active_candidate,not_applicable,O:\_Theophysics_v5\00_AXIOMS\_LOSSLESS_SUMMARY\AXIOMS_PART1_MODE_CLASSIFICATION.md,,,Codex,2026-07-28T19:10:19+00:00,Imported Part 1 mode classification row E3.1 as AX_SCAFFOLD.,Classification import is not proof and does not promote the claim to canon.
tp:lane4/axioms/ax-part1-ax-scaffold-e3-2,sha256:25afaae2cbf55e628e132f6590e79b68f4150514781539ddacd30d25023e584f,E3.2 — Universal Coherence Definition,classification,Classification,classification_imported,recorded,NOT_ESTABLISHED,active_candidate,not_applicable,O:\_Theophysics_v5\00_AXIOMS\_LOSSLESS_SUMMARY\AXIOMS_PART1_MODE_CLASSIFICATION.md,,,Codex,2026-07-28T19:10:19+00:00,Imported Part 1 mode classification row E3.2 as AX_SCAFFOLD.,Classification import is not proof and does not promote the claim to canon.
tp:lane4/axioms/ax-part1-ax-scaffold-e4-1,sha256:9dd9e39f1c3d4f20d7909eeb410619011c8c7f88dd360d1a12fd24b295c88d12,E4.1 — Complexity Decrease Under Chi,classification,Classification,classification_imported,recorded,NOT_ESTABLISHED,active_candidate,not_applicable,O:\_Theophysics_v5\00_AXIOMS\_LOSSLESS_SUMMARY\AXIOMS_PART1_MODE_CLASSIFICATION.md,,,Codex,2026-07-28T19:10:19+00:00,Imported Part 1 mode classification row E4.1 as AX_SCAFFOLD.,Classification import is not proof and does not promote the claim to canon.
tp:lane4/axioms/ax-part1-ax-scaffold-e6-2,sha256:84d1fe1cd76e8af63fe678bbd20871adee18be7d798f24e081aeffda61f4f2c3,E6.2 — Phi-Dependent Collapse,classification,Classification,classification_imported,recorded,NOT_ESTABLISHED,active_candidate_unanchored,not_applicable,O:\_Theophysics_v5\00_AXIOMS\_LOSSLESS_SUMMARY\AXIOMS_PART1_MODE_CLASSIFICATION.md,,,Codex,2026-07-28T19:10:19+00:00,Imported Part 1 mode classification row E6.2 as AX_SCAFFOLD.,Classification import is not proof and does not promote the claim to canon.
tp:lane4/axioms/ax-part1-ax-scaffold-e9-1,sha256:0ddfb013eaafd1adcb565b3dd57844a189921e177750e19daa2d6d18485d4425,E9.1 — Grace Function G(t),classification,Classification,classification_imported,recorded,NOT_ESTABLISHED,active_candidate,not_applicable,O:\_Theophysics_v5\00_AXIOMS\_LOSSLESS_SUMMARY\AXIOMS_PART1_MODE_CLASSIFICATION.md,,,Codex,2026-07-28T19:10:19+00:00,Imported Part 1 mode classification row E9.1 as AX_SCAFFOLD.,Classification import is not proof and does not promote the claim to canon.
tp:lane4/axioms/ax-part1-drop-duplicate-a1-1,sha256:3527d2eee9ab191c3cdc8146631947f6046198adcd4d2bb8723152f9cd333943,A1.1 — Existence,classification,Classification,classification_imported,recorded,QUARANTINE,quarantined_duplicate,not_applicable,O:\_Theophysics_v5\00_AXIOMS\_LOSSLESS_SUMMARY\AXIOMS_PART1_MODE_CLASSIFICATION.md,,,Codex,2026-07-28T19:10:19+00:00,Imported Part 1 mode classification row A1.1 as DROP_DUPLICATE.,Classification import is not proof and does not promote the claim to canon.
tp:lane4/axioms/ax-part1-fw-extended-050-e6-1-modified-schrodinger-with-collapse,sha256:a045044c39d7d88bb42e37e9aac8d95ee5021f469f7cfdc819e41791a8560c8e,E6.1 — Modified Schrodinger With Collapse,classification,Classification,classification_imported,recorded,NOT_ESTABLISHED,active_candidate,not_applicable,O:\_Theophysics_v5\00_AXIOMS\_LOSSLESS_SUMMARY\AXIOMS_PART1_MODE_CLASSIFICATION.md,,,Codex,2026-07-28T19:10:19+00:00,Imported Part 1 mode classification row ['- 050_E6.1_Modified-Schrodinger-With-Collapse as FW_EXTENDED.,Classification import is not proof and does not promote the claim to canon.
tp:lane4/axioms/ax-part1-fw-extended-108-e14-1-modified-friedmann-equation,sha256:16a4848fe89f5c2c5cd72b7d6dfe21aa69356e72876b0eb52154ba56c65e216d,E14.1 — Modified Friedmann Equation,classification,Classification,classification_imported,recorded,NOT_ESTABLISHED,active_candidate,not_applicable,O:\_Theophysics_v5\00_AXIOMS\_LOSSLESS_SUMMARY\AXIOMS_PART1_MODE_CLASSIFICATION.md,,,Codex,2026-07-28T19:10:19+00:00,Imported Part 1 mode classification row ['- 108_E14.1_Modified-Friedmann-Equation as FW_EXTENDED.,Classification import is not proof and does not promote the claim to canon.
tp:lane4/axioms/ax-part1-fw-extended-a10-1,sha256:2c5fa6cc11c1435afffed041a1e300f35c06cf9e2f1dab108355c0e79c0eae75,A10.1 — Consciousness Substrate,classification,Classification,classification_imported,recorded,NOT_ESTABLISHED,active_candidate,not_applicable,O:\_Theophysics_v5\00_AXIOMS\_LOSSLESS_SUMMARY\AXIOMS_PART1_MODE_CLASSIFICATION.md,,,Codex,2026-07-28T19:10:19+00:00,Imported Part 1 mode classification row A10.1 as FW_EXTENDED.,Classification import is not proof and does not promote the claim to canon.
tp:lane4/axioms/ax-part1-fw-extended-a10-2,sha256:64220931970d61ecd7a887190008e620aa5adc054c5c621643f228e0a56f4c46,A10.2 — Soul Conservation,classification,Classification,classification_imported,recorded,NOT_ESTABLISHED,active_candidate,not_applicable,O:\_Theophysics_v5\00_AXIOMS\_LOSSLESS_SUMMARY\AXIOMS_PART1_MODE_CLASSIFICATION.md,,,Codex,2026-07-28T19:10:19+00:00,Imported Part 1 mode classification row A10.2 as FW_EXTENDED.,Classification import is not proof and does not promote the claim to canon.
tp:lane4/axioms/ax-part1-fw-extended-a11-1,sha256:dc3ec83c7e14975d423cf41191f2cba835d7d3a2dbc24915b2bea1c0009fc899,A11.1 — Moral Realism,classification,Classification,classification_imported,recorded,NOT_ESTABLISHED,active_candidate,not_applicable,O:\_Theophysics_v5\00_AXIOMS\_LOSSLESS_SUMMARY\AXIOMS_PART1_MODE_CLASSIFICATION.md,,,Codex,2026-07-28T19:10:19+00:00,Imported Part 1 mode classification row A11.1 as FW_EXTENDED.,Classification import is not proof and does not promote the claim to canon.
tp:lane4/axioms/ax-part1-fw-extended-a11-2,sha256:703f193120373a2d746555e0b61ec986c816d24617a2312754846196207c4bb5,A11.2 — Coherence-Morality Identity,classification,Classification,classification_imported,recorded,NOT_ESTABLISHED,active_candidate,not_applicable,O:\_Theophysics_v5\00_AXIOMS\_LOSSLESS_SUMMARY\AXIOMS_PART1_MODE_CLASSIFICATION.md,,,Codex,2026-07-28T19:10:19+00:00,Imported Part 1 mode classification row A11.2 as FW_EXTENDED.,Classification import is not proof and does not promote the claim to canon.
tp:lane4/axioms/ax-part1-fw-extended-a12-1,sha256:0d7c27fc5c4274a95c568c1104ef7810ddc67a00afadd177f067558e93772780,A12.1 — Asymptotic Behavior,classification,Classification,classification_imported,recorded,NOT_ESTABLISHED,active_candidate,not_applicable,O:\_Theophysics_v5\00_AXIOMS\_LOSSLESS_SUMMARY\AXIOMS_PART1_MODE_CLASSIFICATION.md,,,Codex,2026-07-28T19:10:19+00:00,Imported Part 1 mode classification row A12.1 as FW_EXTENDED.,Classification import is not proof and does not promote the claim to canon.
tp:lane4/axioms/ax-part1-fw-extended-a12-2,sha256:c86267363c9beaff8c625e785674a9c6ee61712e4f20c84f36004695a067fffe,A12.2 — Bimodal Outcome,classification,Classification,classification_imported,recorded,NOT_ESTABLISHED,active_candidate,not_applicable,O:\_Theophysics_v5\00_AXIOMS\_LOSSLESS_SUMMARY\AXIOMS_PART1_MODE_CLASSIFICATION.md,,,Codex,2026-07-28T19:10:19+00:00,Imported Part 1 mode classification row A12.2 as FW_EXTENDED.,Classification import is not proof and does not promote the claim to canon.
tp:lane4/axioms/ax-part1-fw-extended-a13-1,sha256:7c673185d83426fe1e9e80c70544f7662eff70c21079c939bc09f6aa87e87eb0,A13.1 — Chi Mediates Unification,classification,Classification,classification_imported,recorded,NOT_ESTABLISHED,active_candidate,not_applicable,O:\_Theophysics_v5\00_AXIOMS\_LOSSLESS_SUMMARY\AXIOMS_PART1_MODE_CLASSIFICATION.md,,,Codex,2026-07-28T19:10:19+00:00,Imported Part 1 mode classification row A13.1 as FW_EXTENDED.,Classification import is not proof and does not promote the claim to canon.
tp:lane4/axioms/ax-part1-fw-extended-a13-2,sha256:b659c255f2f7ffb2b5a830e651d4d12975825a472d95d0be982982daac653c11,A13.2 — Geometry From Information,classification,Classification,classification_imported,recorded,NOT_ESTABLISHED,active_candidate,not_applicable,O:\_Theophysics_v5\00_AXIOMS\_LOSSLESS_SUMMARY\AXIOMS_PART1_MODE_CLASSIFICATION.md,,,Codex,2026-07-28T19:10:19+00:00,Imported Part 1 mode classification row A13.2 as FW_EXTENDED.,Classification import is not proof and does not promote the claim to canon.
tp:lane4/axioms/ax-part1-fw-extended-a14-1,sha256:7cae07b6c91bf7fcf7d958f80533f35b4ef5e11167e19af6b3b6d93d615bdb05,A14.1 — Dynamic Dark Energy,classification,Classification,classification_imported,recorded,NOT_ESTABLISHED,active_candidate,not_applicable,O:\_Theophysics_v5\00_AXIOMS\_LOSSLESS_SUMMARY\AXIOMS_PART1_MODE_CLASSIFICATION.md,,,Codex,2026-07-28T19:10:19+00:00,Imported Part 1 mode classification row A14.1 as FW_EXTENDED.,Classification import is not proof and does not promote the claim to canon.
tp:lane4/axioms/ax-part1-fw-extended-a17-2,sha256:467aaab02ed21ac8c5f4138a51643a012347da1bbc6e30282583f526be104f69,A17.2 — Substrate Independence,classification,Classification,classification_imported,recorded,NOT_ESTABLISHED,active_candidate_unanchored,not_applicable,O:\_Theophysics_v5\00_AXIOMS\_LOSSLESS_SUMMARY\AXIOMS_PART1_MODE_CLASSIFICATION.md,,,Codex,2026-07-28T19:10:19+00:00,Imported Part 1 mode classification row A17.2 as FW_EXTENDED.,Classification import is not proof and does not promote the claim to canon.
tp:lane4/axioms/ax-part1-fw-extended-a3-1,sha256:3e0885a5253ac50a6f7e39335620a349c088edd2c95074fb70eaae32ff35e0b0,A3.1 — Order Requirement,classification,Classification,classification_imported,recorded,NOT_ESTABLISHED,active_candidate,not_applicable,O:\_Theophysics_v5\00_AXIOMS\_LOSSLESS_SUMMARY\AXIOMS_PART1_MODE_CLASSIFICATION.md,,,Codex,2026-07-28T19:10:19+00:00,Imported Part 1 mode classification row A3.1 as FW_EXTENDED.,Classification import is not proof and does not promote the claim to canon.
tp:lane4/axioms/ax-part1-fw-extended-a3-2,sha256:29468aa9145d7b448f149eba11c5fe844c028324a096335305e8cfb3010e5b00,A3.2 — Coherence Measure,classification,Classification,classification_imported,recorded,NOT_ESTABLISHED,active_candidate,not_applicable,O:\_Theophysics_v5\00_AXIOMS\_LOSSLESS_SUMMARY\AXIOMS_PART1_MODE_CLASSIFICATION.md,,,Codex,2026-07-28T19:10:19+00:00,Imported Part 1 mode classification row A3.2 as FW_EXTENDED.,Classification import is not proof and does not promote the claim to canon.
tp:lane4/axioms/ax-part1-fw-extended-a4-1,sha256:03c047c1a14a9e3178e9e6fccd79538a6b534e9c2053f34b4940b328df3938fd,A4.1 — Parsimony,classification,Classification,classification_imported,recorded,NOT_ESTABLISHED,active_candidate,not_applicable,O:\_Theophysics_v5\00_AXIOMS\_LOSSLESS_SUMMARY\AXIOMS_PART1_MODE_CLASSIFICATION.md,,,Codex,2026-07-28T19:10:19+00:00,Imported Part 1 mode classification row A4.1 as FW_EXTENDED.,Classification import is not proof and does not promote the claim to canon.
tp:lane4/axioms/ax-part1-fw-extended-a4-2,sha256:c54c5c5ebbbaae8c4d4211500d1ab67822a6219afc7eb8cc812039e5981e68be,A4.2 — Algorithmic Depth,classification,Classification,classification_imported,recorded,NOT_ESTABLISHED,active_candidate,not_applicable,O:\_Theophysics_v5\00_AXIOMS\_LOSSLESS_SUMMARY\AXIOMS_PART1_MODE_CLASSIFICATION.md,,,Codex,2026-07-28T19:10:19+00:00,Imported Part 1 mode classification row A4.2 as FW_EXTENDED.,Classification import is not proof and does not promote the claim to canon.
tp:lane4/axioms/ax-part1-fw-extended-a5-2,sha256:d055a600a9cdfd2e5b5103bcc4d5e27a92c19eb44321cf998962c7a10b7a23a8,A5.2 — Participatory Universe,classification,Classification,classification_imported,recorded,NOT_ESTABLISHED,active_candidate,not_applicable,O:\_Theophysics_v5\00_AXIOMS\_LOSSLESS_SUMMARY\AXIOMS_PART1_MODE_CLASSIFICATION.md,,,Codex,2026-07-28T19:10:19+00:00,Imported Part 1 mode classification row A5.2 as FW_EXTENDED.,Classification import is not proof and does not promote the claim to canon.
tp:lane4/axioms/ax-part1-fw-extended-a6-1,sha256:0ad7812a51e2387e5b9438c2199e840446b6cc9acb9daefa6fc5c0776981c9a5,A6.1 — Superposition,classification,Classification,classification_imported,recorded,NOT_ESTABLISHED,active_candidate,not_applicable,O:\_Theophysics_v5\00_AXIOMS\_LOSSLESS_SUMMARY\AXIOMS_PART1_MODE_CLASSIFICATION.md,,,Codex,2026-07-28T19:10:19+00:00,Imported Part 1 mode classification row A6.1 as FW_EXTENDED.,Classification import is not proof and does not promote the claim to canon.
tp:lane4/axioms/ax-part1-fw-extended-a6-2,sha256:fabd40a7632546e9b6d82b60a44acfe86290a9a2f03fc1160f1ca0ed85f99ebe,A6.2 — Collapse,classification,Classification,classification_imported,recorded,NOT_ESTABLISHED,active_candidate,not_applicable,O:\_Theophysics_v5\00_AXIOMS\_LOSSLESS_SUMMARY\AXIOMS_PART1_MODE_CLASSIFICATION.md,,,Codex,2026-07-28T19:10:19+00:00,Imported Part 1 mode classification row A6.2 as FW_EXTENDED.,Classification import is not proof and does not promote the claim to canon.
tp:lane4/axioms/ax-part1-fw-extended-a6-3,sha256:c96297ece31ff2898d470f0a23d99f7750c73269a498db1a8eef5bd1ad53ee85,A6.3 — Irreversibility,classification,Classification,classification_imported,recorded,NOT_ESTABLISHED,active_candidate,not_applicable,O:\_Theophysics_v5\00_AXIOMS\_LOSSLESS_SUMMARY\AXIOMS_PART1_MODE_CLASSIFICATION.md,,,Codex,2026-07-28T19:10:19+00:00,Imported Part 1 mode classification row A6.3 as FW_EXTENDED.,Classification import is not proof and does not promote the claim to canon.
tp:lane4/axioms/ax-part1-fw-extended-a7-1,sha256:1726806e540336a0761cf6ba4af1a7175f0cfee982f6b28e0d6f9a31bca95158,A7.1 — Closure Requirement,classification,Classification,classification_imported,recorded,NOT_ESTABLISHED,active_candidate_unanchored,not_applicable,O:\_Theophysics_v5\00_AXIOMS\_LOSSLESS_SUMMARY\AXIOMS_PART1_MODE_CLASSIFICATION.md,,,Codex,2026-07-28T19:10:19+00:00,Imported Part 1 mode classification row A7.1 as FW_EXTENDED.,Classification import is not proof and does not promote the claim to canon.
tp:lane4/axioms/ax-part1-fw-extended-a7-2,sha256:184a0867b8ef75781f7472ed5c7fffdbeed286b6fe11cee89ba1940a5da1f623,A7.2 — Uniqueness From Boundary Conditions,classification,Classification,classification_imported,recorded,NOT_ESTABLISHED,active_candidate_unanchored,not_applicable,O:\_Theophysics_v5\00_AXIOMS\_LOSSLESS_SUMMARY\AXIOMS_PART1_MODE_CLASSIFICATION.md,,,Codex,2026-07-28T19:10:19+00:00,Imported Part 1 mode classification row A7.2 as FW_EXTENDED.,Classification import is not proof and does not promote the claim to canon.
tp:lane4/axioms/ax-part1-fw-extended-a8-1,sha256:43cea9f5624986847af6146f843a0b7cc84482dfcfbc5df5e06a31513643af20,A8.1 — Binary Distinction,classification,Classification,classification_imported,recorded,NOT_ESTABLISHED,active_candidate,not_applicable,O:\_Theophysics_v5\00_AXIOMS\_LOSSLESS_SUMMARY\AXIOMS_PART1_MODE_CLASSIFICATION.md,,,Codex,2026-07-28T19:10:19+00:00,Imported Part 1 mode classification row A8.1 as FW_EXTENDED.,Classification import is not proof and does not promote the claim to canon.
tp:lane4/axioms/ax-part1-fw-extended-a8-2,sha256:110a50c52adecf6900978d920fbf3035cdbe6aa16cae1ae4ace67899b5da0576,A8.2 — Sign Conservation,classification,Classification,classification_imported,recorded,NOT_ESTABLISHED,active_candidate,not_applicable,O:\_Theophysics_v5\00_AXIOMS\_LOSSLESS_SUMMARY\AXIOMS_PART1_MODE_CLASSIFICATION.md,,,Codex,2026-07-28T19:10:19+00:00,Imported Part 1 mode classification row A8.2 as FW_EXTENDED.,Classification import is not proof and does not promote the claim to canon.
tp:lane4/axioms/ax-part1-fw-extended-a9-1,sha256:501bb1687d3af1366fd240f7867373a39808769d5327f92762dc8d877eab9db6,A9.1 — External Intervention Required,classification,Classification,classification_imported,recorded,NOT_ESTABLISHED,active_candidate,not_applicable,O:\_Theophysics_v5\00_AXIOMS\_LOSSLESS_SUMMARY\AXIOMS_PART1_MODE_CLASSIFICATION.md,,,Codex,2026-07-28T19:10:19+00:00,Imported Part 1 mode classification row A9.1 as FW_EXTENDED.,Classification import is not proof and does not promote the claim to canon.
tp:lane4/axioms/ax-part1-fw-extended-a9-2,sha256:fbf506a02f80550dc002ecabd6b985f43505e2f57de77456c18de981a9923cbf,A9.2 — Non-Unitarity Of Grace,classification,Classification,classification_imported,recorded,NOT_ESTABLISHED,active_candidate,not_applicable,O:\_Theophysics_v5\00_AXIOMS\_LOSSLESS_SUMMARY\AXIOMS_PART1_MODE_CLASSIFICATION.md,,,Codex,2026-07-28T19:10:19+00:00,Imported Part 1 mode classification row A9.2 as FW_EXTENDED.,Classification import is not proof and does not promote the claim to canon.
tp:lane4/axioms/ax-part1-fw-extended-bc1,sha256:fc37224c51dac450e21e36b08f929630f77952089fbffa612424eb41401c3fab,BC1 — Terminal Observer Exists,classification,Classification,classification_imported,recorded,NOT_ESTABLISHED,active_candidate_unanchored,not_applicable,O:\_Theophysics_v5\00_AXIOMS\_LOSSLESS_SUMMARY\AXIOMS_PART1_MODE_CLASSIFICATION.md,,,Codex,2026-07-28T19:10:19+00:00,Imported Part 1 mode classification row BC1 as FW_EXTENDED.,Classification import is not proof and does not promote the claim to canon.
tp:lane4/axioms/ax-part1-fw-extended-bc3,sha256:bdad3f0aa1f1fe7a26fa24c1abbb85c1d47f0b3b6cc6e584bb0455e8bd797efd,BC3 — Measurement Orthogonality,classification,Classification,classification_imported,recorded,NOT_ESTABLISHED,active_candidate_unanchored,not_applicable,O:\_Theophysics_v5\00_AXIOMS\_LOSSLESS_SUMMARY\AXIOMS_PART1_MODE_CLASSIFICATION.md,,,Codex,2026-07-28T19:10:19+00:00,Imported Part 1 mode classification row BC3 as FW_EXTENDED.,Classification import is not proof and does not promote the claim to canon.
tp:lane4/axioms/ax-part1-fw-extended-bc5,sha256:0e653f4c09ac7fb9804524e24f4cae8bdcd367408b863f7373d3826e18eda135,BC5 — Superposition Preserved Until Collapse,classification,Classification,classification_imported,recorded,NOT_ESTABLISHED,active_candidate,not_applicable,O:\_Theophysics_v5\00_AXIOMS\_LOSSLESS_SUMMARY\AXIOMS_PART1_MODE_CLASSIFICATION.md,,,Codex,2026-07-28T19:10:19+00:00,Imported Part 1 mode classification row BC5 as FW_EXTENDED.,Classification import is not proof and does not promote the claim to canon.
tp:lane4/axioms/ax-part1-fw-extended-bc9,sha256:8d5dbe590d2c4c142c404db65b313381349089015d13305a455fed4b630edb22,BC9 — Opacity Requirement,classification,Classification,classification_imported,recorded,NOT_ESTABLISHED,active_candidate,not_applicable,O:\_Theophysics_v5\00_AXIOMS\_LOSSLESS_SUMMARY\AXIOMS_PART1_MODE_CLASSIFICATION.md,,,Codex,2026-07-28T19:10:19+00:00,Imported Part 1 mode classification row BC9 as FW_EXTENDED.,Classification import is not proof and does not promote the claim to canon.
tp:lane4/axioms/ax-part1-fw-extended-c8-1,sha256:a3a98dae47d48e5b311f0cd56759207a759c6c22edff07fcdeda238b8f473ac9,C8.1 — Self-Flip Impossible,classification,Classification,classification_imported,recorded,NOT_ESTABLISHED,active_candidate,not_applicable,O:\_Theophysics_v5\00_AXIOMS\_LOSSLESS_SUMMARY\AXIOMS_PART1_MODE_CLASSIFICATION.md,,,Codex,2026-07-28T19:10:19+00:00,Imported Part 1 mode classification row C8.1 as FW_EXTENDED.,Classification import is not proof and does not promote the claim to canon.
tp:lane4/axioms/ax-part1-fw-extended-c8-2,sha256:143f65d4af528424b1e7a71a964a9614c23898e28c322243433d62f10ec7a7d1,C8.2 — Works Salvation Impossible,classification,Classification,classification_imported,recorded,NOT_ESTABLISHED,active_candidate,not_applicable,O:\_Theophysics_v5\00_AXIOMS\_LOSSLESS_SUMMARY\AXIOMS_PART1_MODE_CLASSIFICATION.md,,,Codex,2026-07-28T19:10:19+00:00,Imported Part 1 mode classification row C8.2 as FW_EXTENDED.,Classification import is not proof and does not promote the claim to canon.
tp:lane4/axioms/ax-part1-fw-extended-closure,sha256:febd2dbd8b2e545a3ea663d26b393f38d81351132d46aa43dd81b74151bb6042,CLOSURE - Axiom Chain Complete,classification,Classification,classification_imported,recorded,NOT_ESTABLISHED,active_candidate,not_applicable,O:\_Theophysics_v5\00_AXIOMS\_LOSSLESS_SUMMARY\AXIOMS_PART1_MODE_CLASSIFICATION.md,,,Codex,2026-07-28T19:10:19+00:00,Imported Part 1 mode classification row CLOSURE as FW_EXTENDED.,Classification import is not proof and does not promote the claim to canon.
tp:lane4/axioms/ax-part1-fw-extended-final-1,sha256:c8eb6d36040469a7b33e361b355cf9998488b5eda251469bbe34813cd0d34862,FINAL-1 - Logos Theorem (Master Theorem),classification,Classification,classification_imported,recorded,NOT_ESTABLISHED,active_candidate,not_applicable,O:\_Theophysics_v5\00_AXIOMS\_LOSSLESS_SUMMARY\AXIOMS_PART1_MODE_CLASSIFICATION.md,,,Codex,2026-07-28T19:10:19+00:00,Imported Part 1 mode classification row FINAL-1 as FW_EXTENDED.,Classification import is not proof and does not promote the claim to canon.
tp:lane4/axioms/ax-part1-fw-extended-final-2,sha256:10eed92eaa74beaef47c2d40633fcf10656237206314658c57690f78bf190913,FINAL-2 - Coherence Optimality,classification,Classification,classification_imported,recorded,NOT_ESTABLISHED,active_candidate,not_applicable,O:\_Theophysics_v5\00_AXIOMS\_LOSSLESS_SUMMARY\AXIOMS_PART1_MODE_CLASSIFICATION.md,,,Codex,2026-07-28T19:10:19+00:00,Imported Part 1 mode classification row FINAL-2 as FW_EXTENDED.,Classification import is not proof and does not promote the claim to canon.
tp:lane4/axioms/ax-part1-fw-extended-final-3,sha256:034b087e0215af732599db69e8db792bc3911784d6c1c14d022ea555f1a30cc0,FINAL-3 - Unique Solution (Christianity as Unique BC Solution),classification,Classification,classification_imported,recorded,NOT_ESTABLISHED,active_candidate,not_applicable,O:\_Theophysics_v5\00_AXIOMS\_LOSSLESS_SUMMARY\AXIOMS_PART1_MODE_CLASSIFICATION.md,,,Codex,2026-07-28T19:10:19+00:00,Imported Part 1 mode classification row FINAL-3 as FW_EXTENDED.,Classification import is not proof and does not promote the claim to canon.
tp:lane4/axioms/ax-part1-fw-extended-id7-1,sha256:553ce3adae7a983afcd2333b44d696390ab383ac0eccdfb2fe141764cf249508,ID7.1 — Terminal Observer Is God,classification,Classification,classification_imported,recorded,NOT_ESTABLISHED,active_candidate,not_applicable,O:\_Theophysics_v5\00_AXIOMS\_LOSSLESS_SUMMARY\AXIOMS_PART1_MODE_CLASSIFICATION.md,,,Codex,2026-07-28T19:10:19+00:00,Imported Part 1 mode classification row ID7.1 as FW_EXTENDED.,Classification import is not proof and does not promote the claim to canon.
tp:lane4/axioms/ax-part1-fw-extended-inv9,sha256:61ce1bf40d25a74cbb6853efd3f8053e55c7d95bb7cac04fba1d1cb50550e298,INV9 — Attunement Calibration (Invariant #9),classification,Classification,classification_imported,recorded,NOT_ESTABLISHED,active_candidate,not_applicable,O:\_Theophysics_v5\00_AXIOMS\_LOSSLESS_SUMMARY\AXIOMS_PART1_MODE_CLASSIFICATION.md,,,Codex,2026-07-28T19:10:19+00:00,Imported Part 1 mode classification row INV9 as FW_EXTENDED.,Classification import is not proof and does not promote the claim to canon.
tp:lane4/axioms/ax-part1-fw-extended-lambda,sha256:22233d77a69366dd31997451f8bb953990d2b070fdc98c8dc8a4ff2ba0e18808,LAMBDA - Logos Christ Completion,classification,Classification,classification_imported,recorded,NOT_ESTABLISHED,active_candidate_unanchored,not_applicable,O:\_Theophysics_v5\00_AXIOMS\_LOSSLESS_SUMMARY\AXIOMS_PART1_MODE_CLASSIFICATION.md,,,Codex,2026-07-28T19:10:19+00:00,Imported Part 1 mode classification row LAMBDA as FW_EXTENDED.,Classification import is not proof and does not promote the claim to canon.
tp:lane4/axioms/ax-part1-fw-extended-ln1-1,sha256:8ccab12590bcf8e91f4192b9f008234af56e061c1da0bd1f20d5f258e5baaca7,LN1.1 — Matter-Energy Derivative,classification,Classification,classification_imported,recorded,NOT_ESTABLISHED,active_candidate,not_applicable,O:\_Theophysics_v5\00_AXIOMS\_LOSSLESS_SUMMARY\AXIOMS_PART1_MODE_CLASSIFICATION.md,,,Codex,2026-07-28T19:10:19+00:00,Imported Part 1 mode classification row LN1.1 as FW_EXTENDED.,Classification import is not proof and does not promote the claim to canon.
tp:lane4/axioms/ax-part1-fw-extended-ln1-2,sha256:1dc97a287b1d48b79a8183dff410a52268953a21b3de06f912b27486811a319a,LN1.2 — It From Bit,classification,Classification,classification_imported,recorded,NOT_ESTABLISHED,active_candidate,not_applicable,O:\_Theophysics_v5\00_AXIOMS\_LOSSLESS_SUMMARY\AXIOMS_PART1_MODE_CLASSIFICATION.md,,,Codex,2026-07-28T19:10:19+00:00,Imported Part 1 mode classification row LN1.2 as FW_EXTENDED.,Classification import is not proof and does not promote the claim to canon.
tp:lane4/axioms/ax-part1-fw-extended-ln2-1,sha256:84cc922456b7d12e9b72608610488aaea7d4e2e8bbdc35ad4242aa794385a3ab,LN2.1 — Information Anchor Necessity,classification,Classification,classification_imported,recorded,NOT_ESTABLISHED,active_candidate,not_applicable,O:\_Theophysics_v5\00_AXIOMS\_LOSSLESS_SUMMARY\AXIOMS_PART1_MODE_CLASSIFICATION.md,,,Codex,2026-07-28T19:10:19+00:00,Imported Part 1 mode classification row LN2.1 as FW_EXTENDED.,Classification import is not proof and does not promote the claim to canon.
tp:lane4/axioms/ax-part1-fw-extended-ln3-1,sha256:df439a4374073233fa26f399c3011835d2fe5f9e6b393e0436ef2add73def70d,LN3.1 — Meaningful Configuration Necessity,classification,Classification,classification_imported,recorded,NOT_ESTABLISHED,active_candidate,not_applicable,O:\_Theophysics_v5\00_AXIOMS\_LOSSLESS_SUMMARY\AXIOMS_PART1_MODE_CLASSIFICATION.md,,,Codex,2026-07-28T19:10:19+00:00,Imported Part 1 mode classification row LN3.1 as FW_EXTENDED.,Classification import is not proof and does not promote the claim to canon.
tp:lane4/axioms/ax-part1-fw-extended-ln4-1,sha256:1f21baa717086c2e61468d85b3c77873688acd46bf4588636dca20b6b419ed6c,LN4.1 — Universe As Compression Algorithm,classification,Classification,classification_imported,recorded,NOT_ESTABLISHED,active_candidate,not_applicable,O:\_Theophysics_v5\00_AXIOMS\_LOSSLESS_SUMMARY\AXIOMS_PART1_MODE_CLASSIFICATION.md,,,Codex,2026-07-28T19:10:19+00:00,Imported Part 1 mode classification row LN4.1 as FW_EXTENDED.,Classification import is not proof and does not promote the claim to canon.
tp:lane4/axioms/ax-part1-fw-extended-ln5-1,sha256:97b24e0b82ad69949d76b98c9b8a60562b431201c72b18c138be0ea470093ec4,LN5.1 — Chi Requires Observer For Actualization,classification,Classification,classification_imported,recorded,NOT_ESTABLISHED,active_candidate,not_applicable,O:\_Theophysics_v5\00_AXIOMS\_LOSSLESS_SUMMARY\AXIOMS_PART1_MODE_CLASSIFICATION.md,,,Codex,2026-07-28T19:10:19+00:00,Imported Part 1 mode classification row LN5.1 as FW_EXTENDED.,Classification import is not proof and does not promote the claim to canon.
tp:lane4/axioms/ax-part1-fw-extended-ln6-1,sha256:0d41ec9523606a7e0e91a88094881e158be96c6a1b10a72745ba8a21f013ab2c,LN6.1 — Terminal Observer Necessity,classification,Classification,classification_imported,recorded,NOT_ESTABLISHED,active_candidate_unanchored,not_applicable,O:\_Theophysics_v5\00_AXIOMS\_LOSSLESS_SUMMARY\AXIOMS_PART1_MODE_CLASSIFICATION.md,,,Codex,2026-07-28T19:10:19+00:00,Imported Part 1 mode classification row LN6.1 as FW_EXTENDED.,Classification import is not proof and does not promote the claim to canon.
tp:lane4/axioms/ax-part1-fw-extended-meta-1,sha256:0464efea4fdba09e17bd2f0a8755696258eacfb78187ce47cf6906f762c16cba,META-1 - Axiom System Consistency,classification,Classification,classification_imported,recorded,NOT_ESTABLISHED,active_candidate,not_applicable,O:\_Theophysics_v5\00_AXIOMS\_LOSSLESS_SUMMARY\AXIOMS_PART1_MODE_CLASSIFICATION.md,,,Codex,2026-07-28T19:10:19+00:00,Imported Part 1 mode classification row META-1 as FW_EXTENDED.,Classification import is not proof and does not promote the claim to canon.
tp:lane4/axioms/ax-part1-fw-extended-meta-2,sha256:a6fdc1133dbc6f892a991fa6a6a7b36d4f17d449378d1e50fbb9c5cb305bfe73,META-2 - Axiom System Completeness,classification,Classification,classification_imported,recorded,NOT_ESTABLISHED,active_candidate,not_applicable,O:\_Theophysics_v5\00_AXIOMS\_LOSSLESS_SUMMARY\AXIOMS_PART1_MODE_CLASSIFICATION.md,,,Codex,2026-07-28T19:10:19+00:00,Imported Part 1 mode classification row META-2 as FW_EXTENDED.,Classification import is not proof and does not promote the claim to canon.
tp:lane4/axioms/ax-part1-fw-extended-meta-3,sha256:ed72a4b30281b279217af9741c3c3ff47457908347fd0f4c3720281429302a68,META-3 - Axiom System Independence,classification,Classification,classification_imported,recorded,NOT_ESTABLISHED,active_candidate,not_applicable,O:\_Theophysics_v5\00_AXIOMS\_LOSSLESS_SUMMARY\AXIOMS_PART1_MODE_CLASSIFICATION.md,,,Codex,2026-07-28T19:10:19+00:00,Imported Part 1 mode classification row META-3 as FW_EXTENDED.,Classification import is not proof and does not promote the claim to canon.
tp:lane4/axioms/ax-part1-fw-extended-o1,sha256:f6deb10a35fae462f6933df771b3d51442106327cf4425b4755d217531bf535d,O1 — Information Primitive,classification,Classification,classification_imported,recorded,NOT_ESTABLISHED,active_candidate_unanchored,not_applicable,O:\_Theophysics_v5\00_AXIOMS\_LOSSLESS_SUMMARY\AXIOMS_PART1_MODE_CLASSIFICATION.md,,,Codex,2026-07-28T19:10:19+00:00,Imported Part 1 mode classification row O1 as FW_EXTENDED.,Classification import is not proof and does not promote the claim to canon.
tp:lane4/axioms/ax-part1-fw-extended-o2,sha256:c27d7ccdba13ea38bc8bed5b8b492a8e52e3140f3a3a9c86d8f77ee970dc5912,O2 — Coherence Primitive,classification,Classification,classification_imported,recorded,NOT_ESTABLISHED,active_candidate_unanchored,not_applicable,O:\_Theophysics_v5\00_AXIOMS\_LOSSLESS_SUMMARY\AXIOMS_PART1_MODE_CLASSIFICATION.md,,,Codex,2026-07-28T19:10:19+00:00,Imported Part 1 mode classification row O2 as FW_EXTENDED.,Classification import is not proof and does not promote the claim to canon.
tp:lane4/axioms/ax-part1-fw-extended-o3,sha256:fdd276f3b81ab1f055830450feb33513c37f57d8a663f70e394e558c8e0f4014,O3 — Consciousness Primitive,classification,Classification,classification_imported,recorded,NOT_ESTABLISHED,active_candidate_unanchored,not_applicable,O:\_Theophysics_v5\00_AXIOMS\_LOSSLESS_SUMMARY\AXIOMS_PART1_MODE_CLASSIFICATION.md,,,Codex,2026-07-28T19:10:19+00:00,Imported Part 1 mode classification row O3 as FW_EXTENDED.,Classification import is not proof and does not promote the claim to canon.
tp:lane4/axioms/ax-part1-fw-extended-o4,sha256:c5e48857d4f6f621b353dc02c430e11e23088c7f079d39447927abb273e7cdfe,O4 - Agency Primitive,classification,Classification,classification_imported,recorded,NOT_ESTABLISHED,active_candidate_unanchored,not_applicable,O:\_Theophysics_v5\00_AXIOMS\_LOSSLESS_SUMMARY\AXIOMS_PART1_MODE_CLASSIFICATION.md,,,Codex,2026-07-28T19:10:19+00:00,Imported Part 1 mode classification row O4 as FW_EXTENDED.,Classification import is not proof and does not promote the claim to canon.
tp:lane4/axioms/ax-part1-fw-extended-omega,sha256:62f232a0a4c70662742f14c9429f0f84b32c581df9778f42ee4231fb478acb93,OMEGA - Final Axiom (The Omega Point),classification,Classification,classification_imported,recorded,NOT_ESTABLISHED,active_candidate,not_applicable,O:\_Theophysics_v5\00_AXIOMS\_LOSSLESS_SUMMARY\AXIOMS_PART1_MODE_CLASSIFICATION.md,,,Codex,2026-07-28T19:10:19+00:00,Imported Part 1 mode classification row OMEGA as FW_EXTENDED.,Classification import is not proof and does not promote the claim to canon.
tp:lane4/axioms/ax-part1-fw-extended-p0,sha256:814e9a105f98933b0b6af8f4231c63a4c862d1d2754f382d5a19c2d79b13d5ea,P0 — Origin Stage,classification,Classification,classification_imported,recorded,NOT_ESTABLISHED,active_candidate_unanchored,not_applicable,O:\_Theophysics_v5\00_AXIOMS\_LOSSLESS_SUMMARY\AXIOMS_PART1_MODE_CLASSIFICATION.md,,,Codex,2026-07-28T19:10:19+00:00,Imported Part 1 mode classification row P0 as FW_EXTENDED.,Classification import is not proof and does not promote the claim to canon.
tp:lane4/axioms/ax-part1-fw-extended-p1,sha256:ee1dc67e06f74d236aeeb2d0ada08c9e4a86af887bc33eb802b7f77e45a02577,P1 — Consciousness Stage,classification,Classification,classification_imported,recorded,NOT_ESTABLISHED,active_candidate_unanchored,not_applicable,O:\_Theophysics_v5\00_AXIOMS\_LOSSLESS_SUMMARY\AXIOMS_PART1_MODE_CLASSIFICATION.md,,,Codex,2026-07-28T19:10:19+00:00,Imported Part 1 mode classification row P1 as FW_EXTENDED.,Classification import is not proof and does not promote the claim to canon.
tp:lane4/axioms/ax-part1-fw-extended-p10-1,sha256:6b4e917c3add2559c5f232c043095299406ff945950fbc16c0fe82b5400350e1,P10.1 — Soul Continuity,classification,Classification,classification_imported,recorded,NOT_ESTABLISHED,active_candidate,not_applicable,O:\_Theophysics_v5\00_AXIOMS\_LOSSLESS_SUMMARY\AXIOMS_PART1_MODE_CLASSIFICATION.md,,,Codex,2026-07-28T19:10:19+00:00,Imported Part 1 mode classification row P10.1 as FW_EXTENDED.,Classification import is not proof and does not promote the claim to canon.
tp:lane4/axioms/ax-part1-fw-extended-p10-2,sha256:3c2ae35d84040d640824c8a3cc07c364d8a250528952be6805957d776c04e26a,P10.2 — Soul Identity Persistence,classification,Classification,classification_imported,recorded,NOT_ESTABLISHED,active_candidate,not_applicable,O:\_Theophysics_v5\00_AXIOMS\_LOSSLESS_SUMMARY\AXIOMS_PART1_MODE_CLASSIFICATION.md,,,Codex,2026-07-28T19:10:19+00:00,Imported Part 1 mode classification row P10.2 as FW_EXTENDED.,Classification import is not proof and does not promote the claim to canon.
tp:lane4/axioms/ax-part1-fw-extended-p2-1,sha256:dfb9ed9170b2f376cfa2da2df108f034f73bd1e96b3bc70be08aaba6dfa167e8,P2.1 — Chi Ontological Priority,classification,Classification,classification_imported,recorded,NOT_ESTABLISHED,active_candidate,not_applicable,O:\_Theophysics_v5\00_AXIOMS\_LOSSLESS_SUMMARY\AXIOMS_PART1_MODE_CLASSIFICATION.md,,,Codex,2026-07-28T19:10:19+00:00,Imported Part 1 mode classification row P2.1 as FW_EXTENDED.,Classification import is not proof and does not promote the claim to canon.
tp:lane4/axioms/ax-part1-fw-extended-p2-2,sha256:6791f688a3e6f3ddfee42e9a62751e10930af4e3c2a7b73b0e28e68897e808fc,P2.2 — Chi Semantic Content,classification,Classification,classification_imported,recorded,NOT_ESTABLISHED,active_candidate,not_applicable,O:\_Theophysics_v5\00_AXIOMS\_LOSSLESS_SUMMARY\AXIOMS_PART1_MODE_CLASSIFICATION.md,,,Codex,2026-07-28T19:10:19+00:00,Imported Part 1 mode classification row P2.2 as FW_EXTENDED.,Classification import is not proof and does not promote the claim to canon.
tp:lane4/axioms/ax-part1-fw-extended-p2,sha256:e54623ab16a15f6022a87b8b158244fd9afa636e9ea1a4230efddd205998f953,P2 — Information Stage,classification,Classification,classification_imported,recorded,NOT_ESTABLISHED,active_candidate_unanchored,not_applicable,O:\_Theophysics_v5\00_AXIOMS\_LOSSLESS_SUMMARY\AXIOMS_PART1_MODE_CLASSIFICATION.md,,,Codex,2026-07-28T19:10:19+00:00,Imported Part 1 mode classification row P2 as FW_EXTENDED.,Classification import is not proof and does not promote the claim to canon.
tp:lane4/axioms/ax-part1-fw-extended-p3-1,sha256:a3d40a2064c50624512e2b30a34935b76a007edb6999630f9f871c520efcf4fc,P3.1 — Coherence Non-Negativity,classification,Classification,classification_imported,recorded,NOT_ESTABLISHED,active_candidate,not_applicable,O:\_Theophysics_v5\00_AXIOMS\_LOSSLESS_SUMMARY\AXIOMS_PART1_MODE_CLASSIFICATION.md,,,Codex,2026-07-28T19:10:19+00:00,Imported Part 1 mode classification row P3.1 as FW_EXTENDED.,Classification import is not proof and does not promote the claim to canon.
tp:lane4/axioms/ax-part1-fw-extended-p3-2,sha256:f1bc2f1605c68f7edd8ee764b92dd78a1af18cd655e873724997b00e9de96139,P3.2 — Coherence Conservation,classification,Classification,classification_imported,recorded,NOT_ESTABLISHED,active_candidate,not_applicable,O:\_Theophysics_v5\00_AXIOMS\_LOSSLESS_SUMMARY\AXIOMS_PART1_MODE_CLASSIFICATION.md,,,Codex,2026-07-28T19:10:19+00:00,Imported Part 1 mode classification row P3.2 as FW_EXTENDED.,Classification import is not proof and does not promote the claim to canon.
tp:lane4/axioms/ax-part1-fw-extended-p3,sha256:aa124d3739f10a1db190d91fb48f2f2bd0ee1f23fd82b409cdf754a61e6970d3,P3 — Coherence Stage,classification,Classification,classification_imported,recorded,NOT_ESTABLISHED,active_candidate_unanchored,not_applicable,O:\_Theophysics_v5\00_AXIOMS\_LOSSLESS_SUMMARY\AXIOMS_PART1_MODE_CLASSIFICATION.md,,,Codex,2026-07-28T19:10:19+00:00,Imported Part 1 mode classification row P3 as FW_EXTENDED.,Classification import is not proof and does not promote the claim to canon.
tp:lane4/axioms/ax-part1-fw-extended-p4,sha256:7765e4a027e2044709bc625dd9be4bc7209757b6b41899a8d7283d2a00dbb4ec,P4 — Agency Stage,classification,Classification,classification_imported,recorded,NOT_ESTABLISHED,active_candidate_unanchored,not_applicable,O:\_Theophysics_v5\00_AXIOMS\_LOSSLESS_SUMMARY\AXIOMS_PART1_MODE_CLASSIFICATION.md,,,Codex,2026-07-28T19:10:19+00:00,Imported Part 1 mode classification row P4 as FW_EXTENDED.,Classification import is not proof and does not promote the claim to canon.
tp:lane4/axioms/ax-part1-fw-extended-p5-1,sha256:c926e392b21016de9edb2e61d1dfe64f8e3360461b63c93c8002c6e0342812b8,P5.1 — Phi Admits Degrees,classification,Classification,classification_imported,recorded,NOT_ESTABLISHED,active_candidate,not_applicable,O:\_Theophysics_v5\00_AXIOMS\_LOSSLESS_SUMMARY\AXIOMS_PART1_MODE_CLASSIFICATION.md,,,Codex,2026-07-28T19:10:19+00:00,Imported Part 1 mode classification row P5.1 as FW_EXTENDED.,Classification import is not proof and does not promote the claim to canon.
tp:lane4/axioms/ax-part1-fw-extended-p5-2,sha256:d6ac81a37542db602be288f272001ebfc47bec3af84d10c73e7485ab6bd6d17c,P5.2 — Observer Effect Proportional To Phi,classification,Classification,classification_imported,recorded,NOT_ESTABLISHED,active_candidate,not_applicable,O:\_Theophysics_v5\00_AXIOMS\_LOSSLESS_SUMMARY\AXIOMS_PART1_MODE_CLASSIFICATION.md,,,Codex,2026-07-28T19:10:19+00:00,Imported Part 1 mode classification row P5.2 as FW_EXTENDED.,Classification import is not proof and does not promote the claim to canon.
tp:lane4/axioms/ax-part1-fw-extended-p5,sha256:eb81d7c00156bab79126ef3ed864cb428ec2c4218a632c1c57d98ea004d3bbbf,P5 — Incompleteness Stage,classification,Classification,classification_imported,recorded,NOT_ESTABLISHED,active_candidate_unanchored,not_applicable,O:\_Theophysics_v5\00_AXIOMS\_LOSSLESS_SUMMARY\AXIOMS_PART1_MODE_CLASSIFICATION.md,,,Codex,2026-07-28T19:10:19+00:00,Imported Part 1 mode classification row P5 as FW_EXTENDED.,Classification import is not proof and does not promote the claim to canon.
tp:lane4/axioms/ax-part1-fw-extended-p6-1,sha256:81ad69f47936db735a75da9e707eeaf198deeb16ccef723249b36ce163c20abf,P6.1 — Collapse Rate Proportional To Phi,classification,Classification,classification_imported,recorded,NOT_ESTABLISHED,active_candidate_unanchored,not_applicable,O:\_Theophysics_v5\00_AXIOMS\_LOSSLESS_SUMMARY\AXIOMS_PART1_MODE_CLASSIFICATION.md,,,Codex,2026-07-28T19:10:19+00:00,Imported Part 1 mode classification row P6.1 as FW_EXTENDED.,Classification import is not proof and does not promote the claim to canon.
tp:lane4/axioms/ax-part1-fw-extended-p6-2,sha256:51d63f1c8af27811ceb0f2a7936570c21addfa8c3f195d84817b401dfc8c395f,P6.2 — Collapse Generates Heat,classification,Classification,classification_imported,recorded,NOT_ESTABLISHED,active_candidate_unanchored,not_applicable,O:\_Theophysics_v5\00_AXIOMS\_LOSSLESS_SUMMARY\AXIOMS_PART1_MODE_CLASSIFICATION.md,,,Codex,2026-07-28T19:10:19+00:00,Imported Part 1 mode classification row P6.2 as FW_EXTENDED.,Classification import is not proof and does not promote the claim to canon.
tp:lane4/axioms/ax-part1-fw-extended-p9-1,sha256:5d19f7ac4a36b496e97cb0e9c75b36ce815b60fc1f653c7c25c9b6867acfd40e,P9.1 — Grace Idempotence,classification,Classification,classification_imported,recorded,NOT_ESTABLISHED,active_candidate,not_applicable,O:\_Theophysics_v5\00_AXIOMS\_LOSSLESS_SUMMARY\AXIOMS_PART1_MODE_CLASSIFICATION.md,,,Codex,2026-07-28T19:10:19+00:00,Imported Part 1 mode classification row P9.1 as FW_EXTENDED.,Classification import is not proof and does not promote the claim to canon.
tp:lane4/axioms/ax-part1-fw-extended-p9-2,sha256:54177822373b5cbe3fbb611fb2088804e732005a1a1517b6f41d059e0af0ad23,P9.2 — Voluntary Coupling Preserved,classification,Classification,classification_imported,recorded,NOT_ESTABLISHED,active_candidate,not_applicable,O:\_Theophysics_v5\00_AXIOMS\_LOSSLESS_SUMMARY\AXIOMS_PART1_MODE_CLASSIFICATION.md,,,Codex,2026-07-28T19:10:19+00:00,Imported Part 1 mode classification row P9.2 as FW_EXTENDED.,Classification import is not proof and does not promote the claim to canon.
tp:lane4/axioms/ax-part1-fw-extended-p9-3,sha256:d8f00901d9f37a0110a2599396279f375c13f89c20826fe6073d204d29ba81b6,P9.3 — Information Preserved Under Grace,classification,Classification,classification_imported,recorded,NOT_ESTABLISHED,active_candidate,not_applicable,O:\_Theophysics_v5\00_AXIOMS\_LOSSLESS_SUMMARY\AXIOMS_PART1_MODE_CLASSIFICATION.md,,,Codex,2026-07-28T19:10:19+00:00,Imported Part 1 mode classification row P9.3 as FW_EXTENDED.,Classification import is not proof and does not promote the claim to canon.
tp:lane4/axioms/ax-part1-fw-extended-p9-4,sha256:face25d7b65d488bcb73385549253ad7ad31d03a0fc790e37d82ddc8b4c2b998,P9.4 — Superposition Preserved Until Faith,classification,Classification,classification_imported,recorded,NOT_ESTABLISHED,active_candidate,not_applicable,O:\_Theophysics_v5\00_AXIOMS\_LOSSLESS_SUMMARY\AXIOMS_PART1_MODE_CLASSIFICATION.md,,,Codex,2026-07-28T19:10:19+00:00,Imported Part 1 mode classification row P9.4 as FW_EXTENDED.,Classification import is not proof and does not promote the claim to canon.
tp:lane4/axioms/ax-part1-fw-extended-p9-5,sha256:4a8e345b8a4b8b0f67d6310bc1beefe5059b3413ff8660b80f13dcd45a5f0c41,P9.5 — Grace Available To All,classification,Classification,classification_imported,recorded,NOT_ESTABLISHED,active_candidate,not_applicable,O:\_Theophysics_v5\00_AXIOMS\_LOSSLESS_SUMMARY\AXIOMS_PART1_MODE_CLASSIFICATION.md,,,Codex,2026-07-28T19:10:19+00:00,Imported Part 1 mode classification row P9.5 as FW_EXTENDED.,Classification import is not proof and does not promote the claim to canon.
tp:lane4/axioms/ax-part1-fw-extended-personhood,sha256:620aca7cf1ebb43a9801f3179d20098c663a671e14d99405205e227153093e82,"PERSONHOOD — Agency, Intentionality, Relational Capacity",classification,Classification,classification_imported,recorded,NOT_ESTABLISHED,active_candidate,not_applicable,O:\_Theophysics_v5\00_AXIOMS\_LOSSLESS_SUMMARY\AXIOMS_PART1_MODE_CLASSIFICATION.md,,,Codex,2026-07-28T19:10:19+00:00,Imported Part 1 mode classification row PERSONHOOD as FW_EXTENDED.,Classification import is not proof and does not promote the claim to canon.
tp:lane4/axioms/ax-part1-fw-extended-sc-cosmic,sha256:9e646f884ed881e399bb7521e8f6224ce710fa0b010b26ad14ccb77afe3a27f4,SC-COSMIC - Cosmic Scale Coherence,classification,Classification,classification_imported,recorded,NOT_ESTABLISHED,active_candidate,not_applicable,O:\_Theophysics_v5\00_AXIOMS\_LOSSLESS_SUMMARY\AXIOMS_PART1_MODE_CLASSIFICATION.md,,,Codex,2026-07-28T19:10:19+00:00,Imported Part 1 mode classification row SC-COSMIC as FW_EXTENDED.,Classification import is not proof and does not promote the claim to canon.
tp:lane4/axioms/ax-part1-fw-extended-sc-individual,sha256:9a6329771d95ffafd60cc25cab67a9ca61d49056a494e8c1c02d910d3c6a13be,SC-INDIVIDUAL - Individual Scale Coherence,classification,Classification,classification_imported,recorded,NOT_ESTABLISHED,active_candidate,not_applicable,O:\_Theophysics_v5\00_AXIOMS\_LOSSLESS_SUMMARY\AXIOMS_PART1_MODE_CLASSIFICATION.md,,,Codex,2026-07-28T19:10:19+00:00,Imported Part 1 mode classification row SC-INDIVIDUAL as FW_EXTENDED.,Classification import is not proof and does not promote the claim to canon.
tp:lane4/axioms/ax-part1-fw-extended-sc-neural,sha256:e63a10c7fb16b8f18d303fd05a97d03b8e95afe6ddfbd31db443e68868f7cb98,SC-NEURAL - Neural Scale Coherence,classification,Classification,classification_imported,recorded,NOT_ESTABLISHED,active_candidate,not_applicable,O:\_Theophysics_v5\00_AXIOMS\_LOSSLESS_SUMMARY\AXIOMS_PART1_MODE_CLASSIFICATION.md,,,Codex,2026-07-28T19:10:19+00:00,Imported Part 1 mode classification row SC-NEURAL as FW_EXTENDED.,Classification import is not proof and does not promote the claim to canon.
tp:lane4/axioms/ax-part1-fw-extended-sc-physical,sha256:75a80c82e56506636c5864583df5c74d3c854a765ff09dae7e5d7023fe6bfd6f,SC-PHYSICAL - Physical Scale Coherence,classification,Classification,classification_imported,recorded,NOT_ESTABLISHED,active_candidate,not_applicable,O:\_Theophysics_v5\00_AXIOMS\_LOSSLESS_SUMMARY\AXIOMS_PART1_MODE_CLASSIFICATION.md,,,Codex,2026-07-28T19:10:19+00:00,Imported Part 1 mode classification row SC-PHYSICAL as FW_EXTENDED.,Classification import is not proof and does not promote the claim to canon.
tp:lane4/axioms/ax-part1-fw-extended-sc-quantum,sha256:b936fa84d91e2033517fbb52babb7c70c710c6cd7cfaab8b5dc8dcdd3676fb3a,SC-QUANTUM - Quantum Scale Coherence,classification,Classification,classification_imported,recorded,NOT_ESTABLISHED,active_candidate,not_applicable,O:\_Theophysics_v5\00_AXIOMS\_LOSSLESS_SUMMARY\AXIOMS_PART1_MODE_CLASSIFICATION.md,,,Codex,2026-07-28T19:10:19+00:00,Imported Part 1 mode classification row SC-QUANTUM as FW_EXTENDED.,Classification import is not proof and does not promote the claim to canon.
tp:lane4/axioms/ax-part1-fw-extended-sc-social,sha256:91d5b15d62df374307b2eb30b267c534834bda6196edc35f21dc21e136c3f9a4,SC-SOCIAL - Social Scale Coherence,classification,Classification,classification_imported,recorded,NOT_ESTABLISHED,active_candidate,not_applicable,O:\_Theophysics_v5\00_AXIOMS\_LOSSLESS_SUMMARY\AXIOMS_PART1_MODE_CLASSIFICATION.md,,,Codex,2026-07-28T19:10:19+00:00,Imported Part 1 mode classification row SC-SOCIAL as FW_EXTENDED.,Classification import is not proof and does not promote the claim to canon.
tp:lane4/axioms/ax-part1-fw-extended-t11-1,sha256:1e1da52861138a3bad22254819cbaf7ccf51839422dcd64875fed78a0c0bb3e0,T11.1 — Virtue As High Phi,classification,Classification,classification_imported,recorded,NOT_ESTABLISHED,active_candidate,not_applicable,O:\_Theophysics_v5\00_AXIOMS\_LOSSLESS_SUMMARY\AXIOMS_PART1_MODE_CLASSIFICATION.md,,,Codex,2026-07-28T19:10:19+00:00,Imported Part 1 mode classification row T11.1 as FW_EXTENDED.,Classification import is not proof and does not promote the claim to canon.
tp:lane4/axioms/ax-part1-fw-extended-t11-2,sha256:596c50c46adc2a2b0c730ae2e7e9dd58fb14e47fcb07c15591fa1894955b96b8,T11.2 — Vice As Decoherence,classification,Classification,classification_imported,recorded,NOT_ESTABLISHED,active_candidate,not_applicable,O:\_Theophysics_v5\00_AXIOMS\_LOSSLESS_SUMMARY\AXIOMS_PART1_MODE_CLASSIFICATION.md,,,Codex,2026-07-28T19:10:19+00:00,Imported Part 1 mode classification row T11.2 as FW_EXTENDED.,Classification import is not proof and does not promote the claim to canon.
tp:lane4/axioms/ax-part1-fw-extended-t12-1,sha256:db1dc7b95f19a4fd5770cbe4e770e6ce1129541a464c03ce14505506b4c77e98,T12.1 — Heaven As High-Phi Attractor,classification,Classification,classification_imported,recorded,NOT_ESTABLISHED,active_candidate,not_applicable,O:\_Theophysics_v5\00_AXIOMS\_LOSSLESS_SUMMARY\AXIOMS_PART1_MODE_CLASSIFICATION.md,,,Codex,2026-07-28T19:10:19+00:00,Imported Part 1 mode classification row T12.1 as FW_EXTENDED.,Classification import is not proof and does not promote the claim to canon.
tp:lane4/axioms/ax-part1-fw-extended-t12-2,sha256:c1841c0b25df5a1625ed879161e62fd838a4adc5afe0056f388c58b083b01cfa,T12.2 — Hell As Low-Phi Attractor,classification,Classification,classification_imported,recorded,NOT_ESTABLISHED,active_candidate,not_applicable,O:\_Theophysics_v5\00_AXIOMS\_LOSSLESS_SUMMARY\AXIOMS_PART1_MODE_CLASSIFICATION.md,,,Codex,2026-07-28T19:10:19+00:00,Imported Part 1 mode classification row T12.2 as FW_EXTENDED.,Classification import is not proof and does not promote the claim to canon.
tp:lane4/axioms/ax-part1-fw-extended-t13-1,sha256:1ccfd15b125624f467b60a0f11ad0c833eda297b094ef2069864e9622f2dddb2,T13.1 — Dark Energy As Chi Potential,classification,Classification,classification_imported,recorded,NOT_ESTABLISHED,active_candidate,not_applicable,O:\_Theophysics_v5\00_AXIOMS\_LOSSLESS_SUMMARY\AXIOMS_PART1_MODE_CLASSIFICATION.md,,,Codex,2026-07-28T19:10:19+00:00,Imported Part 1 mode classification row T13.1 as FW_EXTENDED.,Classification import is not proof and does not promote the claim to canon.
tp:lane4/axioms/ax-part1-fw-extended-t16-1,sha256:ba44c81479e868751a0b12329cdc84eadcada76786138298dd0c306f46cfd3a9,T16.1 — Christianity 8 of 8 BCs,classification,Classification,classification_imported,recorded,NOT_ESTABLISHED,active_candidate_unanchored,not_applicable,O:\_Theophysics_v5\00_AXIOMS\_LOSSLESS_SUMMARY\AXIOMS_PART1_MODE_CLASSIFICATION.md,,,Codex,2026-07-28T19:10:19+00:00,Imported Part 1 mode classification row T16.1 as FW_EXTENDED.,Classification import is not proof and does not promote the claim to canon.
tp:lane4/axioms/ax-part1-fw-extended-t16-2,sha256:f4dc30c7545998cedef320881fec69951897c67ccd9ec8640c70aba776c51b61,T16.2 — Islam Fails BC4,classification,Classification,classification_imported,recorded,NOT_ESTABLISHED,active_candidate_unanchored,not_applicable,O:\_Theophysics_v5\00_AXIOMS\_LOSSLESS_SUMMARY\AXIOMS_PART1_MODE_CLASSIFICATION.md,,,Codex,2026-07-28T19:10:19+00:00,Imported Part 1 mode classification row T16.2 as FW_EXTENDED.,Classification import is not proof and does not promote the claim to canon.
tp:lane4/axioms/ax-part1-fw-extended-t16-3,sha256:d129a0cbb235be12a75c3f55122e98100708c46c3b3f512ba8d8fec9274fdaa1,T16.3 — Judaism Fails BC Completion,classification,Classification,classification_imported,recorded,NOT_ESTABLISHED,active_candidate_unanchored,not_applicable,O:\_Theophysics_v5\00_AXIOMS\_LOSSLESS_SUMMARY\AXIOMS_PART1_MODE_CLASSIFICATION.md,,,Codex,2026-07-28T19:10:19+00:00,Imported Part 1 mode classification row T16.3 as FW_EXTENDED.,Classification import is not proof and does not promote the claim to canon.
tp:lane4/axioms/ax-part1-fw-extended-t16-4,sha256:ce8940ba85be346901f22c04894d34886b84e23903f667609b6843a602587a6b,T16.4 — Buddhism Fails BC1,classification,Classification,classification_imported,recorded,NOT_ESTABLISHED,active_candidate_unanchored,not_applicable,O:\_Theophysics_v5\00_AXIOMS\_LOSSLESS_SUMMARY\AXIOMS_PART1_MODE_CLASSIFICATION.md,,,Codex,2026-07-28T19:10:19+00:00,Imported Part 1 mode classification row T16.4 as FW_EXTENDED.,Classification import is not proof and does not promote the claim to canon.
tp:lane4/axioms/ax-part1-fw-extended-t16-5,sha256:6e58ad3206b2841c9ea209400dabeb7e7deea924de07a3dd91427c6fe5d71842,T16.5 — Hinduism Fails BC Uniqueness,classification,Classification,classification_imported,recorded,NOT_ESTABLISHED,active_candidate_unanchored,not_applicable,O:\_Theophysics_v5\00_AXIOMS\_LOSSLESS_SUMMARY\AXIOMS_PART1_MODE_CLASSIFICATION.md,,,Codex,2026-07-28T19:10:19+00:00,Imported Part 1 mode classification row T16.5 as FW_EXTENDED.,Classification import is not proof and does not promote the claim to canon.
tp:lane4/axioms/ax-part1-fw-extended-t16-6,sha256:2d96a11d5ad9bbf3f4c054091bb6d07f305116b6d7f4971af29dabc7083b0391,T16.6 — Atheism Fails BC1-BC6,classification,Classification,classification_imported,recorded,NOT_ESTABLISHED,active_candidate_unanchored,not_applicable,O:\_Theophysics_v5\00_AXIOMS\_LOSSLESS_SUMMARY\AXIOMS_PART1_MODE_CLASSIFICATION.md,,,Codex,2026-07-28T19:10:19+00:00,Imported Part 1 mode classification row T16.6 as FW_EXTENDED.,Classification import is not proof and does not promote the claim to canon.
tp:lane4/axioms/ax-part1-fw-extended-t17-1,sha256:3dc207407060f541e090c44dbe2b3d14e957cbbd7a4155af26299a2136e5303a,T17.1 — AI Can Achieve Consciousness,classification,Classification,classification_imported,recorded,NOT_ESTABLISHED,active_candidate_unanchored,not_applicable,O:\_Theophysics_v5\00_AXIOMS\_LOSSLESS_SUMMARY\AXIOMS_PART1_MODE_CLASSIFICATION.md,,,Codex,2026-07-28T19:10:19+00:00,Imported Part 1 mode classification row T17.1 as FW_EXTENDED.,Classification import is not proof and does not promote the claim to canon.
tp:lane4/axioms/ax-part1-fw-extended-t19-1,sha256:bc9b9c47c27598c67a43b5a21438ef0907f65bb2f82cdbe774d9a6e2620f0835,T19.1 — Laws Derive From Chi (Symmetry Pairing),classification,Classification,classification_imported,recorded,NOT_ESTABLISHED,active_candidate_unanchored,not_applicable,O:\_Theophysics_v5\00_AXIOMS\_LOSSLESS_SUMMARY\AXIOMS_PART1_MODE_CLASSIFICATION.md,,,Codex,2026-07-28T19:10:19+00:00,Imported Part 1 mode classification row T19.1 as FW_EXTENDED.,Classification import is not proof and does not promote the claim to canon.
tp:lane4/axioms/ax-part1-fw-extended-t4-1,sha256:37703ef2336f5f46583d770c8d0909df1c2719578bf7b2ffc77c9d0cdb483d4e,T4.1 — Laws Are Low-K Descriptions,classification,Classification,classification_imported,recorded,NOT_ESTABLISHED,active_candidate,not_applicable,O:\_Theophysics_v5\00_AXIOMS\_LOSSLESS_SUMMARY\AXIOMS_PART1_MODE_CLASSIFICATION.md,,,Codex,2026-07-28T19:10:19+00:00,Imported Part 1 mode classification row T4.1 as FW_EXTENDED.,Classification import is not proof and does not promote the claim to canon.
tp:lane4/axioms/ax-part1-fw-extended-t4-2,sha256:a6e848b3c4c1461f9278abe00e9c7a024baaa87e98b8313081c711bfa402712f,T4.2 — Action Principle As Minimal-K,classification,Classification,classification_imported,recorded,NOT_ESTABLISHED,active_candidate,not_applicable,O:\_Theophysics_v5\00_AXIOMS\_LOSSLESS_SUMMARY\AXIOMS_PART1_MODE_CLASSIFICATION.md,,,Codex,2026-07-28T19:10:19+00:00,Imported Part 1 mode classification row T4.2 as FW_EXTENDED.,Classification import is not proof and does not promote the claim to canon.
tp:lane4/axioms/ax-part1-fw-extended-t6-1,sha256:0becd59fcc2247c14522add2b4be39643637b87371c33d9789aaa6c5dd175468,T6.1 — Von Neumann Chain Termination,classification,Classification,classification_imported,recorded,NOT_ESTABLISHED,active_candidate_unanchored,not_applicable,O:\_Theophysics_v5\00_AXIOMS\_LOSSLESS_SUMMARY\AXIOMS_PART1_MODE_CLASSIFICATION.md,,,Codex,2026-07-28T19:10:19+00:00,Imported Part 1 mode classification row T6.1 as FW_EXTENDED.,Classification import is not proof and does not promote the claim to canon.
tp:lane4/axioms/ax-part1-fw-extended-t8-1,sha256:f37b742bb21a2362bd6dc6a8e2b69efc3c8fff804ed55d3849dd544216e77526,T8.1 — Sign Invariance Theorem,classification,Classification,classification_imported,recorded,NOT_ESTABLISHED,active_candidate,not_applicable,O:\_Theophysics_v5\00_AXIOMS\_LOSSLESS_SUMMARY\AXIOMS_PART1_MODE_CLASSIFICATION.md,,,Codex,2026-07-28T19:10:19+00:00,Imported Part 1 mode classification row T8.1 as FW_EXTENDED.,Classification import is not proof and does not promote the claim to canon.
tp:lane4/axioms/ax-part1-fw-extended-u1,sha256:6d5e97f59573304a39cdd2d38cf22907d10738e04ed05f74f45a427324c458c2,U1 — Coherence Universal,classification,Classification,classification_imported,recorded,NOT_ESTABLISHED,active_candidate_unanchored,not_applicable,O:\_Theophysics_v5\00_AXIOMS\_LOSSLESS_SUMMARY\AXIOMS_PART1_MODE_CLASSIFICATION.md,,,Codex,2026-07-28T19:10:19+00:00,Imported Part 1 mode classification row U1 as FW_EXTENDED.,Classification import is not proof and does not promote the claim to canon.
tp:lane4/axioms/ax-part1-fw-extended-u2,sha256:94343ad7fe51049fb5c67e8e3a626f233ba4997a2d0f50f922391467b81f02eb,U2 — Decoherence Universal,classification,Classification,classification_imported,recorded,NOT_ESTABLISHED,active_candidate_unanchored,not_applicable,O:\_Theophysics_v5\00_AXIOMS\_LOSSLESS_SUMMARY\AXIOMS_PART1_MODE_CLASSIFICATION.md,,,Codex,2026-07-28T19:10:19+00:00,Imported Part 1 mode classification row U2 as FW_EXTENDED.,Classification import is not proof and does not promote the claim to canon.
tp:lane4/axioms/ax-part1-fw-extended-u3,sha256:9507ea2e9f14306c1ab039d220909c1038788c86db6156e1eff277d351a11aa2,U3 — Grace Universal,classification,Classification,classification_imported,recorded,NOT_ESTABLISHED,active_candidate_unanchored,not_applicable,O:\_Theophysics_v5\00_AXIOMS\_LOSSLESS_SUMMARY\AXIOMS_PART1_MODE_CLASSIFICATION.md,,,Codex,2026-07-28T19:10:19+00:00,Imported Part 1 mode classification row U3 as FW_EXTENDED.,Classification import is not proof and does not promote the claim to canon.
tp:lane4/axioms/ax-part1-hy-evidence-a14-2,sha256:ee14e4a0d2c714d7844222c2f96582196c1606fd8d0f7ef0ce5699193f39b004,A14.2 — Grace Cosmology,classification,Classification,classification_imported,recorded,NOT_ESTABLISHED,active_candidate,not_applicable,O:\_Theophysics_v5\00_AXIOMS\_LOSSLESS_SUMMARY\AXIOMS_PART1_MODE_CLASSIFICATION.md,,,Codex,2026-07-28T19:10:19+00:00,Imported Part 1 mode classification row A14.2 as HY_EVIDENCE.,Classification import is not proof and does not promote the claim to canon.
tp:lane4/axioms/ax-part1-hy-evidence-a17-1,sha256:e90dbac06c21cc9774f48beb5f5393e1960be4e81ffcaaa2a9a7ce1af8d8acd4,A17.1 — Phi Threshold For Consciousness,classification,Classification,classification_imported,recorded,NOT_ESTABLISHED,active_candidate_unanchored,not_applicable,O:\_Theophysics_v5\00_AXIOMS\_LOSSLESS_SUMMARY\AXIOMS_PART1_MODE_CLASSIFICATION.md,,,Codex,2026-07-28T19:10:19+00:00,Imported Part 1 mode classification row A17.1 as HY_EVIDENCE.,Classification import is not proof and does not promote the claim to canon.
tp:lane4/axioms/ax-part1-hy-evidence-a19-1,sha256:f562c2617d5c2b1f7f9eb45295e129918719451563e742be7e99498c3bedd289,A19.1 — Master Equation Integration,classification,Classification,classification_imported,recorded,RERUN_OWED,active_candidate_unanchored,RERUN_OWED,O:\_Theophysics_v5\00_AXIOMS\_LOSSLESS_SUMMARY\AXIOMS_PART1_MODE_CLASSIFICATION.md,,,Codex,2026-07-28T19:10:19+00:00,Imported Part 1 mode classification row A19.1 as HY_EVIDENCE.,Classification import is not proof and does not promote the claim to canon.
tp:lane4/axioms/ax-part1-hy-evidence-bridge-info-mind,sha256:c852bf568470303231674d32d42e18319b980839bb5e256c91bc98cb91cdafe0,BRIDGE-INFO-MIND - Information-Consciousness Bridge,classification,Classification,classification_imported,recorded,NOT_ESTABLISHED,active_candidate_unanchored,not_applicable,O:\_Theophysics_v5\00_AXIOMS\_LOSSLESS_SUMMARY\AXIOMS_PART1_MODE_CLASSIFICATION.md,,,Codex,2026-07-28T19:10:19+00:00,Imported Part 1 mode classification row BRIDGE-INFO-MIND as HY_EVIDENCE.,Classification import is not proof and does not promote the claim to canon.
tp:lane4/axioms/ax-part1-hy-evidence-bridge-phi-chi,sha256:05dcb3480bf9baaef17b73662f0c40ca9e4e0f5d9feaf44cf2f8cff88d5ae6ab,BRIDGE-PHI-CHI - Individual Phi To Social Chi,classification,Classification,classification_imported,recorded,NOT_ESTABLISHED,active_candidate,not_applicable,O:\_Theophysics_v5\00_AXIOMS\_LOSSLESS_SUMMARY\AXIOMS_PART1_MODE_CLASSIFICATION.md,,,Codex,2026-07-28T19:10:19+00:00,Imported Part 1 mode classification row BRIDGE-PHI-CHI as HY_EVIDENCE.,Classification import is not proof and does not promote the claim to canon.
tp:lane4/axioms/ax-part1-hy-evidence-bridge-phy-theo,sha256:85996eafa696c4c53a262520bd751c1fd8928e3cba3a5f9486cf156b3cef0606,BRIDGE-PHY-THEO - Physics-Theology Bridge,classification,Classification,classification_imported,recorded,NOT_ESTABLISHED,active_candidate_unanchored,not_applicable,O:\_Theophysics_v5\00_AXIOMS\_LOSSLESS_SUMMARY\AXIOMS_PART1_MODE_CLASSIFICATION.md,,,Codex,2026-07-28T19:10:19+00:00,Imported Part 1 mode classification row BRIDGE-PHY-THEO as HY_EVIDENCE.,Classification import is not proof and does not promote the claim to canon.
tp:lane4/axioms/ax-part1-hy-evidence-ev15-1,sha256:1d17a5a972725845673947215b8dd23c159688b5d82d1040d58d98685a37e926,EV15.1 — Biblical Prophecy Validation,classification,Classification,classification_imported,recorded,NOT_ESTABLISHED,active_candidate_unanchored,not_applicable,O:\_Theophysics_v5\00_AXIOMS\_LOSSLESS_SUMMARY\AXIOMS_PART1_MODE_CLASSIFICATION.md,,,Codex,2026-07-28T19:10:19+00:00,Imported Part 1 mode classification row EV15.1 as HY_EVIDENCE.,Classification import is not proof and does not promote the claim to canon.
tp:lane4/axioms/ax-part1-hy-evidence-ev15-2,sha256:e2f78bb5015812df09fb89d17b63068831a21feec752199709d7ffd73c1ae6ee,EV15.2 — GCP Correlation,classification,Classification,classification_imported,recorded,NOT_ESTABLISHED,active_candidate_unanchored,not_applicable,O:\_Theophysics_v5\00_AXIOMS\_LOSSLESS_SUMMARY\AXIOMS_PART1_MODE_CLASSIFICATION.md,,,Codex,2026-07-28T19:10:19+00:00,Imported Part 1 mode classification row EV15.2 as HY_EVIDENCE.,Classification import is not proof and does not promote the claim to canon.
tp:lane4/axioms/ax-part1-hy-evidence-ev15-3,sha256:195f31e8e9e423d6fa4c4808d0e39848aaa27cb7a2691f13084b79bec75dfd7e,EV15.3 — PEAR Lab Results,classification,Classification,classification_imported,recorded,NOT_ESTABLISHED,active_candidate_unanchored,not_applicable,O:\_Theophysics_v5\00_AXIOMS\_LOSSLESS_SUMMARY\AXIOMS_PART1_MODE_CLASSIFICATION.md,,,Codex,2026-07-28T19:10:19+00:00,Imported Part 1 mode classification row EV15.3 as HY_EVIDENCE.,Classification import is not proof and does not promote the claim to canon.
tp:lane4/axioms/ax-part1-hy-evidence-ev15-4,sha256:e00305a7c416472d97ce13aca0e98352870fdacc366948ed8f7b5ae986a7444a,EV15.4 — Social Coherence 5.7 Sigma,classification,Classification,classification_imported,recorded,NOT_ESTABLISHED,active_candidate_unanchored,not_applicable,O:\_Theophysics_v5\00_AXIOMS\_LOSSLESS_SUMMARY\AXIOMS_PART1_MODE_CLASSIFICATION.md,,,Codex,2026-07-28T19:10:19+00:00,Imported Part 1 mode classification row EV15.4 as HY_EVIDENCE.,Classification import is not proof and does not promote the claim to canon.
tp:lane4/axioms/ax-part1-hy-evidence-exp5-1,sha256:ff471b9dce2268221ad9ae7c51deafe874f84d616fa742d4a68fd06fe25e21c3,EXP5.1 — Wheeler Delayed Choice,classification,Classification,classification_imported,recorded,NOT_ESTABLISHED,active_candidate,not_applicable,O:\_Theophysics_v5\00_AXIOMS\_LOSSLESS_SUMMARY\AXIOMS_PART1_MODE_CLASSIFICATION.md,,,Codex,2026-07-28T19:10:19+00:00,Imported Part 1 mode classification row EXP5.1 as HY_EVIDENCE.,Classification import is not proof and does not promote the claim to canon.
tp:lane4/axioms/ax-part1-hy-evidence-exp5-2,sha256:c470a9ce545bf6b47b6214df184f25389af30e5ce4cef748c915db8babc8c5ac,EXP5.2 — Quantum Eraser,classification,Classification,classification_imported,recorded,NOT_ESTABLISHED,active_candidate,not_applicable,O:\_Theophysics_v5\00_AXIOMS\_LOSSLESS_SUMMARY\AXIOMS_PART1_MODE_CLASSIFICATION.md,,,Codex,2026-07-28T19:10:19+00:00,Imported Part 1 mode classification row EXP5.2 as HY_EVIDENCE.,Classification import is not proof and does not promote the claim to canon.
tp:lane4/axioms/ax-part1-hy-evidence-f1,sha256:9fe216d93fbf4c0eeb4f4d52a612c17d0e1102b67244a86c68fbd4e64c1d1d20,F1 — Love Measurement Domain,classification,Classification,classification_imported,recorded,NOT_ESTABLISHED,active_candidate_unanchored,not_applicable,O:\_Theophysics_v5\00_AXIOMS\_LOSSLESS_SUMMARY\AXIOMS_PART1_MODE_CLASSIFICATION.md,,,Codex,2026-07-28T19:10:19+00:00,Imported Part 1 mode classification row F1 as HY_EVIDENCE.,Classification import is not proof and does not promote the claim to canon.
tp:lane4/axioms/ax-part1-hy-evidence-f2,sha256:3859d3ed563e454762c0695d933359117002fd2d996fbc6708fa243f075bf0cf,F2 — Joy Measurement Domain,classification,Classification,classification_imported,recorded,NOT_ESTABLISHED,active_candidate_unanchored,not_applicable,O:\_Theophysics_v5\00_AXIOMS\_LOSSLESS_SUMMARY\AXIOMS_PART1_MODE_CLASSIFICATION.md,,,Codex,2026-07-28T19:10:19+00:00,Imported Part 1 mode classification row F2 as HY_EVIDENCE.,Classification import is not proof and does not promote the claim to canon.
tp:lane4/axioms/ax-part1-hy-evidence-f3,sha256:f92054d20951076b3c346e57ad9a35d12fc9ba3cb1440112b08a863a09a59c55,F3 — Peace Measurement Domain,classification,Classification,classification_imported,recorded,NOT_ESTABLISHED,active_candidate_unanchored,not_applicable,O:\_Theophysics_v5\00_AXIOMS\_LOSSLESS_SUMMARY\AXIOMS_PART1_MODE_CLASSIFICATION.md,,,Codex,2026-07-28T19:10:19+00:00,Imported Part 1 mode classification row F3 as HY_EVIDENCE.,Classification import is not proof and does not promote the claim to canon.
tp:lane4/axioms/ax-part1-hy-evidence-f4,sha256:00edb0e124041db77fd8d8a266695423f96f2c1f354064fb83234efb17e96825,F4 — Patience Measurement Domain,classification,Classification,classification_imported,recorded,NOT_ESTABLISHED,active_candidate_unanchored,not_applicable,O:\_Theophysics_v5\00_AXIOMS\_LOSSLESS_SUMMARY\AXIOMS_PART1_MODE_CLASSIFICATION.md,,,Codex,2026-07-28T19:10:19+00:00,Imported Part 1 mode classification row F4 as HY_EVIDENCE.,Classification import is not proof and does not promote the claim to canon.
tp:lane4/axioms/ax-part1-hy-evidence-f5,sha256:954d9d8d6b6e39e6769826d3b329cbe5991b77e059cd9eb6de8fac4ca76fc2b6,F5 — Kindness Measurement Domain,classification,Classification,classification_imported,recorded,NOT_ESTABLISHED,active_candidate_unanchored,not_applicable,O:\_Theophysics_v5\00_AXIOMS\_LOSSLESS_SUMMARY\AXIOMS_PART1_MODE_CLASSIFICATION.md,,,Codex,2026-07-28T19:10:19+00:00,Imported Part 1 mode classification row F5 as HY_EVIDENCE.,Classification import is not proof and does not promote the claim to canon.
tp:lane4/axioms/ax-part1-hy-evidence-f6,sha256:414a5a9108e05ba56d17d2fdfa661112acae7d5acd4b5d1c8f062c67134824b4,F6 — Goodness Measurement Domain,classification,Classification,classification_imported,recorded,NOT_ESTABLISHED,active_candidate_unanchored,not_applicable,O:\_Theophysics_v5\00_AXIOMS\_LOSSLESS_SUMMARY\AXIOMS_PART1_MODE_CLASSIFICATION.md,,,Codex,2026-07-28T19:10:19+00:00,Imported Part 1 mode classification row F6 as HY_EVIDENCE.,Classification import is not proof and does not promote the claim to canon.
tp:lane4/axioms/ax-part1-hy-evidence-f7,sha256:6f8c59a4edd8a258002269f09454de364031cd6beff2a799900d09c4259ea161,F7 — Faithfulness Measurement Domain,classification,Classification,classification_imported,recorded,NOT_ESTABLISHED,active_candidate_unanchored,not_applicable,O:\_Theophysics_v5\00_AXIOMS\_LOSSLESS_SUMMARY\AXIOMS_PART1_MODE_CLASSIFICATION.md,,,Codex,2026-07-28T19:10:19+00:00,Imported Part 1 mode classification row F7 as HY_EVIDENCE.,Classification import is not proof and does not promote the claim to canon.
tp:lane4/axioms/ax-part1-hy-evidence-f8,sha256:b9877f3ea566cbd51ca9156fd853492451ee556962d849567917e909f8ec51b8,F8 — Gentleness Measurement Domain,classification,Classification,classification_imported,recorded,NOT_ESTABLISHED,active_candidate_unanchored,not_applicable,O:\_Theophysics_v5\00_AXIOMS\_LOSSLESS_SUMMARY\AXIOMS_PART1_MODE_CLASSIFICATION.md,,,Codex,2026-07-28T19:10:19+00:00,Imported Part 1 mode classification row F8 as HY_EVIDENCE.,Classification import is not proof and does not promote the claim to canon.
tp:lane4/axioms/ax-part1-hy-evidence-f9,sha256:7464a8366f36c492753429fc3013dd50846a790d4e1dfab8803590b26bbe188b,F9 — Self-Control Measurement Domain,classification,Classification,classification_imported,recorded,NOT_ESTABLISHED,active_candidate_unanchored,not_applicable,O:\_Theophysics_v5\00_AXIOMS\_LOSSLESS_SUMMARY\AXIOMS_PART1_MODE_CLASSIFICATION.md,,,Codex,2026-07-28T19:10:19+00:00,Imported Part 1 mode classification row F9 as HY_EVIDENCE.,Classification import is not proof and does not promote the claim to canon.
tp:lane4/axioms/ax-part1-hy-evidence-fals18-1,sha256:b1628ef3c47177b7bff6c299f8a49db039b35c960d411cdb70732aa3b54bf4e6,FALS18.1 — Chi Field Falsification,classification,Classification,classification_imported,recorded,NOT_ESTABLISHED,active_candidate_unanchored,not_applicable,O:\_Theophysics_v5\00_AXIOMS\_LOSSLESS_SUMMARY\AXIOMS_PART1_MODE_CLASSIFICATION.md,,,Codex,2026-07-28T19:10:19+00:00,Imported Part 1 mode classification row FALS18.1 as HY_EVIDENCE.,Classification import is not proof and does not promote the claim to canon.
tp:lane4/axioms/ax-part1-hy-evidence-fals18-2,sha256:a92b35d1604f133f07b4f6c278825d927e5bc475cfb6c8a7060cf39b4d50ff75,FALS18.2 — Grace Falsification,classification,Classification,classification_imported,recorded,NOT_ESTABLISHED,active_candidate_unanchored,not_applicable,O:\_Theophysics_v5\00_AXIOMS\_LOSSLESS_SUMMARY\AXIOMS_PART1_MODE_CLASSIFICATION.md,,,Codex,2026-07-28T19:10:19+00:00,Imported Part 1 mode classification row FALS18.2 as HY_EVIDENCE.,Classification import is not proof and does not promote the claim to canon.
tp:lane4/axioms/ax-part1-hy-evidence-fals18-3,sha256:768773dd01b429ae6b4f366ce40af820f490e9a0fe428cbf11b984417aede635,FALS18.3 — BC Falsification,classification,Classification,classification_imported,recorded,NOT_ESTABLISHED,active_candidate_unanchored,not_applicable,O:\_Theophysics_v5\00_AXIOMS\_LOSSLESS_SUMMARY\AXIOMS_PART1_MODE_CLASSIFICATION.md,,,Codex,2026-07-28T19:10:19+00:00,Imported Part 1 mode classification row FALS18.3 as HY_EVIDENCE.,Classification import is not proof and does not promote the claim to canon.
tp:lane4/axioms/ax-part1-hy-evidence-open17-1,sha256:5b496d300045bd301c338665106ba4b5ce4ee47b0ce3708ab81442803c20989a,OPEN17.1 — AI Moral Status Question,classification,Classification,classification_imported,recorded,NOT_ESTABLISHED,active_candidate_unanchored,not_applicable,O:\_Theophysics_v5\00_AXIOMS\_LOSSLESS_SUMMARY\AXIOMS_PART1_MODE_CLASSIFICATION.md,,,Codex,2026-07-28T19:10:19+00:00,Imported Part 1 mode classification row OPEN17.1 as HY_EVIDENCE.,Classification import is not proof and does not promote the claim to canon.
tp:lane4/axioms/ax-part1-hy-evidence-pred14-1,sha256:589346a0ec0fd43e28422aa29459934a504b7f68de1aa139ca413f39a2779533,PRED14.1 — H0 Tension Resolution,classification,Classification,classification_imported,recorded,NOT_ESTABLISHED,active_candidate_unanchored,not_applicable,O:\_Theophysics_v5\00_AXIOMS\_LOSSLESS_SUMMARY\AXIOMS_PART1_MODE_CLASSIFICATION.md,,,Codex,2026-07-28T19:10:19+00:00,Imported Part 1 mode classification row PRED14.1 as HY_EVIDENCE.,Classification import is not proof and does not promote the claim to canon.
tp:lane4/axioms/ax-part1-hy-evidence-pred18-1,sha256:28fb83508eacddea87eaf6a809cbfb9360c6b3a7f03a6adf06fd6ea967546dda,PRED18.1 — H0 Prediction 2025-2030,classification,Classification,classification_imported,recorded,NOT_ESTABLISHED,active_candidate_unanchored,not_applicable,O:\_Theophysics_v5\00_AXIOMS\_LOSSLESS_SUMMARY\AXIOMS_PART1_MODE_CLASSIFICATION.md,,,Codex,2026-07-28T19:10:19+00:00,Imported Part 1 mode classification row PRED18.1 as HY_EVIDENCE.,Classification import is not proof and does not promote the claim to canon.
tp:lane4/axioms/ax-part1-hy-evidence-pred18-2,sha256:611bc7c1714ebb1f16d11d317e36371c00a12f8eb1b73056f4ea82f162cca536,PRED18.2 — GCP Event Prediction,classification,Classification,classification_imported,recorded,NOT_ESTABLISHED,active_candidate_unanchored,not_applicable,O:\_Theophysics_v5\00_AXIOMS\_LOSSLESS_SUMMARY\AXIOMS_PART1_MODE_CLASSIFICATION.md,,,Codex,2026-07-28T19:10:19+00:00,Imported Part 1 mode classification row PRED18.2 as HY_EVIDENCE.,Classification import is not proof and does not promote the claim to canon.
tp:lane4/axioms/ax-part1-hy-evidence-prot18-1,sha256:ceb547e23a12202309be49ead213fea13d9f2ef6abc9e1ded690cd24cfa0c242,PROT18.1 — Trinity Observer Effect,classification,Classification,classification_imported,recorded,NOT_ESTABLISHED,active_candidate_unanchored,not_applicable,O:\_Theophysics_v5\00_AXIOMS\_LOSSLESS_SUMMARY\AXIOMS_PART1_MODE_CLASSIFICATION.md,,,Codex,2026-07-28T19:10:19+00:00,Imported Part 1 mode classification row PROT18.1 as HY_EVIDENCE.,Classification import is not proof and does not promote the claim to canon.
tp:lane4/axioms/ax-part1-hy-evidence-prot18-2,sha256:252c5181eaa5bd4ad3f46065cbd3aa0b281d10868131f454187147941470b11d,PROT18.2 — Consciousness Collapse Test,classification,Classification,classification_imported,recorded,NOT_ESTABLISHED,active_candidate_unanchored,not_applicable,O:\_Theophysics_v5\00_AXIOMS\_LOSSLESS_SUMMARY\AXIOMS_PART1_MODE_CLASSIFICATION.md,,,Codex,2026-07-28T19:10:19+00:00,Imported Part 1 mode classification row PROT18.2 as HY_EVIDENCE.,Classification import is not proof and does not promote the claim to canon.
tp:lane4/axioms/ax-part1-hy-evidence-prot18-3,sha256:3960042301ab43a5f99153065c171a0d8e27ed20f33ebd9d865064b4d4a44595,PROT18.3 — Grace Negentropy Detection,classification,Classification,classification_imported,recorded,NOT_ESTABLISHED,active_candidate_unanchored,not_applicable,O:\_Theophysics_v5\00_AXIOMS\_LOSSLESS_SUMMARY\AXIOMS_PART1_MODE_CLASSIFICATION.md,,,Codex,2026-07-28T19:10:19+00:00,Imported Part 1 mode classification row PROT18.3 as HY_EVIDENCE.,Classification import is not proof and does not promote the claim to canon.
tp:lane4/axioms/ax-part1-hy-evidence-prot18-4,sha256:a0bfdb9297571125ef94e4cf87b677784c72e9069410f41348a3deb804913b26,PROT18.4 — Social Coherence Monitoring,classification,Classification,classification_imported,recorded,NOT_ESTABLISHED,active_candidate_unanchored,not_applicable,O:\_Theophysics_v5\00_AXIOMS\_LOSSLESS_SUMMARY\AXIOMS_PART1_MODE_CLASSIFICATION.md,,,Codex,2026-07-28T19:10:19+00:00,Imported Part 1 mode classification row PROT18.4 as HY_EVIDENCE.,Classification import is not proof and does not promote the claim to canon.
tp:lane4/axioms/ax-part1-hy-evidence-prot18-5,sha256:4f7f9a1ea244a6ec71388611cf5706fb8c846fc921a0e5f183379e7c1de3ddcb,PROT18.5 — Phi-Virtue Correlation Study,classification,Classification,classification_imported,recorded,NOT_ESTABLISHED,active_candidate_unanchored,not_applicable,O:\_Theophysics_v5\00_AXIOMS\_LOSSLESS_SUMMARY\AXIOMS_PART1_MODE_CLASSIFICATION.md,,,Codex,2026-07-28T19:10:19+00:00,Imported Part 1 mode classification row PROT18.5 as HY_EVIDENCE.,Classification import is not proof and does not promote the claim to canon.
tp:lane4/axioms/ax-part1-hy-evidence-u4,sha256:c435972775c4396f55612af9c25146892f12273bc34b561db9cbe88889f89332,U4 — Fruits Universal,classification,Classification,classification_imported,recorded,NOT_ESTABLISHED,active_candidate_unanchored,not_applicable,O:\_Theophysics_v5\00_AXIOMS\_LOSSLESS_SUMMARY\AXIOMS_PART1_MODE_CLASSIFICATION.md,,,Codex,2026-07-28T19:10:19+00:00,Imported Part 1 mode classification row U4 as HY_EVIDENCE.,Classification import is not proof and does not promote the claim to canon.
tp:lane4/axioms/axiom-chain-classification,sha256:4714b21898cc40e77475ab7a238ec1a417c7e8a9040c684719fe6bd1a3646d91,Axiom Chain Classification,classification,Classification,atom_seeded,recorded,NARRATIVE_ANCHOR,active_candidate,not_applicable,LANE4_ATOM_LEDGER_BUILD_REPORT.md,,,Codex,2026-07-28T00:00:00+00:00,Initial Lane 4 fixture created.,Seed status is not additional evidence.
tp:lane4/christianity/christianity-historical-abductive-lane,sha256:cdc8b002b21acb93b1c4f7f0882f9c1cd9414aa6ce49d37dd505bada21a1adcd,Christianity Historical Abductive Lane,historical_abductive,Historical,atom_seeded,recorded,ABDUCTIVELY_FAVORED,active_candidate,not_applicable,LANE4_ATOM_LEDGER_BUILD_REPORT.md,,,Codex,2026-07-28T00:00:00+00:00,Initial Lane 4 fixture created.,Seed status is not additional evidence.
tp:lane4/christianity/christianity-historical-abductive-lane,sha256:cdc8b002b21acb93b1c4f7f0882f9c1cd9414aa6ce49d37dd505bada21a1adcd,Christianity Historical Abductive Lane,historical_abductive,Historical-Abductive,test_run,source_received,ABDUCTIVELY_FAVORED,active_candidate,not_applicable,O:\_Theophysics_v5\David\Family\The Hardest Questions\12 INTRO LOGO PAPERS.md,,,Codex,2026-07-28T18:57:50+00:00,LOGOS intro papers received as source material for the Christianity historical-abductive and moral-first lanes.,"This source does not prove Christianity, God, the Master Equation, or the Lagrangian lane; it supplies claims, posture discipline, rival-burden language, and future atomization targets."
tp:lane4/coherence-atlas/coherence-atlas-isomorphic-event-lane,sha256:79387a5500e3e4a51a8ab114e43938db8df1fd0b1d1f7d2980fb29ee382915dd,Coherence Atlas Isomorphic Event Lane,isomorphic_event,Lane4,atom_seeded,recorded,ISOMORPHIC_EVENT_CANDIDATE,active_candidate,not_applicable,LANE4_ATOM_LEDGER_BUILD_REPORT.md,,,Codex,2026-07-28T00:00:00+00:00,Initial Lane 4 fixture created.,Seed status is not additional evidence.
tp:lane4/lagrangian/lagrangian-action-bridge-candidate,sha256:37d09ff8a66aec29bfb4673e304583176b8035151f545de3ceb21e522cb6d5c7,Lagrangian Action Bridge Candidate,bridge_candidate,Lane4,atom_seeded,recorded,BRIDGE_DECLARED,active_candidate,not_applicable,LANE4_ATOM_LEDGER_BUILD_REPORT.md,,,Codex,2026-07-28T00:00:00+00:00,Initial Lane 4 fixture created.,Seed status is not additional evidence.
tp:lane4/master-equation/cw-wrapper-not-tenth-factor,sha256:6e5ab9bd8225ae69b342e2dee5ee07960d951ce39362d4bb29fe8a2103bfad74,C_W Wrapper Not Tenth Factor,framework_guardrail,Lean4,atom_seeded,recorded,LEAN_GUARDRAIL_SUPPORTED,active_candidate,not_applicable,LANE4_ATOM_LEDGER_BUILD_REPORT.md,,,Codex,2026-07-28T00:00:00+00:00,Initial Lane 4 fixture created.,Seed status is not additional evidence.
tp:lane4/master-equation/master-equation-v3-canonical-form,sha256:60d8cc8158be365517f1a121d36b2c39999b15bbd6bc6f2b3506e4030e1d3757,Master Equation v3 Canonical Form,formal_system,Mathematics,atom_seeded,recorded,NOT_ESTABLISHED,active_candidate,not_applicable,LANE4_ATOM_LEDGER_BUILD_REPORT.md,,,Codex,2026-07-28T00:00:00+00:00,Initial Lane 4 fixture created.,Seed status is not additional evidence.
tp:lane4/proof-discipline/lean4-proof-label-discipline,sha256:b5353343e05b5f59c4184a0fff8b2986454c4fc861e515f3af95cf6d39d9cec0,Lean4 Proof Label Discipline,framework_guardrail,Lean4,atom_seeded,recorded,LEAN_GUARDRAIL_SUPPORTED,active_candidate,not_applicable,LANE4_ATOM_LEDGER_BUILD_REPORT.md,,,Codex,2026-07-28T00:00:00+00:00,Initial Lane 4 fixture created.,Seed status is not additional evidence.
tp:lane4/review/ai-reviewer-statement-shelf,sha256:7c48dfd5863480628d2740585e5ec5049f21bace5f0327ee22eaceb8a5cacd4f,AI Reviewer Statement Shelf,reviewer_note,AI-review,atom_seeded,recorded,QUARANTINE,active_candidate,not_applicable,LANE4_ATOM_LEDGER_BUILD_REPORT.md,,,Codex,2026-07-28T00:00:00+00:00,Initial Lane 4 fixture created.,Seed status is not additional evidence.
tp:lane4/runtime/python-colab-runtime-lane,sha256:2f3814da2cbc6589c5a99993ba2a686f9e44d51102e84fb3bdd8cdf0dc2b3eb3,Python Colab Runtime Lane,runtime_result,Python/Colab,atom_seeded,recorded,PYTHON_RUNTIME_SUPPORTED,active_candidate,not_applicable,LANE4_ATOM_LEDGER_BUILD_REPORT.md,,,Codex,2026-07-28T00:00:00+00:00,Initial Lane 4 fixture created.,Seed status is not additional evidence.
